tarz,tohum,gun,engelin_sonu,magaza,ilk_yeni_sube,odendi_gun,yeni_plan_gun,anapara_kurus,kalan_kurus,silinen_kurus
Temkinli,21,2093,2824,1,0,0,3239,4359800,3738360,0
Temkinli,21,3239,3970,1,0,0,3453,3733300,3736157,3738360
Temkinli,21,3453,3970,1,0,0,0,3921900,3911249,3736157
Dengeli,21,879,1610,1,0,0,3248,7108200,2973598,4655007
Dengeli,21,3248,3979,1,0,0,0,4964000,4834458,2973598
Atak,21,184,915,1,0,0,284,7655200,7655200,5412663
Atak,21,284,915,1,0,0,432,4283400,4283400,7655200
Atak,21,432,915,1,0,0,547,5334400,5334400,4283400
Atak,21,547,915,1,0,0,690,4674800,4674800,5334400
Atak,21,690,1056,1,0,0,795,5592100,5592100,4674800
Atak,21,795,1161,1,0,0,920,4653300,4653300,5592100
Atak,21,920,1286,1,0,0,1027,5842800,5842800,4653300
Atak,21,1027,1393,1,0,0,1159,4994200,4994200,5842800
Atak,21,1159,1525,1,0,0,1264,6135600,6135600,4994200
Atak,21,1264,1630,1,0,0,1397,5286900,5286900,6135600
Atak,21,1397,1763,1,0,0,1501,6363400,6363400,5286900
Atak,21,1501,1867,1,0,0,1622,5590900,5590900,6363400
Atak,21,1622,1988,1,0,0,1724,6617700,6617700,5590900
Atak,21,1724,2090,1,0,0,1844,5962700,5962700,6617700
Atak,21,1844,2210,1,0,0,1949,7005600,7005600,5962700
Atak,21,1949,2315,1,0,0,2076,6488900,6488900,7005600
Atak,21,2076,2442,1,0,0,2180,7662200,7662200,6488900
Atak,21,2180,2546,1,0,0,2300,6745300,6745300,7662200
Atak,21,2300,2666,1,0,0,2398,8031500,8031500,6745300
Atak,21,2398,2764,1,0,0,2519,7094700,7094700,8031500
Atak,21,2519,2885,1,0,0,2622,8645600,8645600,7094700
Atak,21,2622,2988,1,0,0,2735,7484200,7484200,8645600
Atak,21,2735,3101,1,0,0,2830,8577700,8577700,7484200
Atak,21,2830,3196,1,0,0,2945,7543600,7543600,8577700
Atak,21,2945,3311,1,0,0,3036,9561000,9561000,7543600
Atak,21,3036,3402,1,0,0,3133,7973100,7973100,9561000
Atak,21,3133,3499,1,0,0,3221,9331900,9331900,7973100
Atak,21,3221,3587,1,0,0,3307,8626300,8626300,9331900
Atak,21,3307,3673,1,0,0,3402,9036200,9036200,8626300
Atak,21,3402,3768,1,0,0,3484,10184000,10184000,9036200
Atak,21,3484,3850,1,0,0,3572,9533100,9533100,10184000
Atak,21,3572,3938,1,0,0,0,9989500,9989500,9533100
