tarz,tohum,gun,tur,deger,aciklama
Temkinli,21,1,roster,0,1:Hülya Polat:0:2350|2:Burak Aydın:1:2200|3:Cem Öztürk:1:2200|
Temkinli,21,118,roster,0,1:Hülya Polat:0:2400|2:Burak Aydın:1:2400|3:Cem Öztürk:1:2400|
Temkinli,21,302,roster,0,2:Burak Aydın:1:2500|3:Cem Öztürk:1:2500|135:Büşra Aslan:0:2650|136:Fatma Çelik:3:450|
Temkinli,21,484,roster,0,2:Burak Aydın:1:2600|3:Cem Öztürk:1:2600|135:Büşra Aslan:0:2650|136:Fatma Çelik:3:450|
Temkinli,21,521,roster,0,2:Burak Aydın:1:2600|3:Cem Öztürk:1:2600|136:Fatma Çelik:3:450|
Temkinli,21,526,roster,0,2:Burak Aydın:1:2600|3:Cem Öztürk:1:2600|136:Fatma Çelik:3:450|232:Sevgi Çelik:0:2600|
Temkinli,21,605,roster,0,2:Burak Aydın:1:2600|3:Cem Öztürk:1:2600|136:Fatma Çelik:3:450|
Temkinli,21,610,roster,0,2:Burak Aydın:1:2600|3:Cem Öztürk:1:2600|136:Fatma Çelik:3:450|266:Elif Demir:0:2750|268:Zeynep Polat:2:4150|Esra Güler:5:5740|
Temkinli,21,667,roster,0,2:Burak Aydın:1:2600|3:Cem Öztürk:1:2600|136:Fatma Çelik:3:450|266:Elif Demir:0:2750|268:Zeynep Polat:2:4150|Esra Güler:5:5995|
Temkinli,21,668,roster,0,2:Burak Aydın:1:2700|3:Cem Öztürk:1:2700|136:Fatma Çelik:3:450|266:Elif Demir:0:2750|268:Zeynep Polat:2:4150|Esra Güler:5:5995|
Temkinli,21,848,roster,0,2:Burak Aydın:1:2700|3:Cem Öztürk:1:2700|136:Fatma Çelik:3:450|266:Elif Demir:0:2750|268:Zeynep Polat:2:4150|Esra Güler:5:6263|
Temkinli,21,849,roster,0,2:Burak Aydın:1:2850|3:Cem Öztürk:1:2850|136:Fatma Çelik:3:450|266:Elif Demir:0:2850|268:Zeynep Polat:2:4150|Esra Güler:5:6263|
Temkinli,21,1032,roster,0,2:Burak Aydın:1:2850|3:Cem Öztürk:1:2850|136:Fatma Çelik:3:450|266:Elif Demir:0:2850|268:Zeynep Polat:2:4150|Esra Güler:5:6556|
Temkinli,21,1033,roster,0,2:Burak Aydın:1:2950|3:Cem Öztürk:1:2950|136:Fatma Çelik:3:450|266:Elif Demir:0:2950|268:Zeynep Polat:2:4150|Esra Güler:5:6556|
Temkinli,21,1213,roster,0,2:Burak Aydın:1:2950|3:Cem Öztürk:1:2950|136:Fatma Çelik:3:450|266:Elif Demir:0:2950|268:Zeynep Polat:2:4150|Esra Güler:5:6866|
Temkinli,21,1214,roster,0,2:Burak Aydın:1:3100|3:Cem Öztürk:1:3100|136:Fatma Çelik:3:450|266:Elif Demir:0:3100|268:Zeynep Polat:2:4150|Esra Güler:5:6866|
Temkinli,21,1397,roster,0,2:Burak Aydın:1:3100|3:Cem Öztürk:1:3100|136:Fatma Çelik:3:450|266:Elif Demir:0:3100|268:Zeynep Polat:2:4150|Esra Güler:5:7204|
Temkinli,21,1398,roster,0,2:Burak Aydın:1:3250|3:Cem Öztürk:1:3250|136:Fatma Çelik:3:450|266:Elif Demir:0:3250|268:Zeynep Polat:2:4150|Esra Güler:5:7204|
Temkinli,21,1412,roster,0,2:Burak Aydın:1:3250|3:Cem Öztürk:1:3250|136:Fatma Çelik:3:450|266:Elif Demir:0:3250|Esra Güler:5:7204|
Temkinli,21,1578,roster,0,2:Burak Aydın:1:3250|3:Cem Öztürk:1:3250|136:Fatma Çelik:3:450|266:Elif Demir:0:3250|Esra Güler:5:7562|
Temkinli,21,1579,roster,0,2:Burak Aydın:1:3400|3:Cem Öztürk:1:3400|136:Fatma Çelik:3:450|266:Elif Demir:0:3400|Esra Güler:5:7562|
Temkinli,21,1762,roster,0,2:Burak Aydın:1:3400|3:Cem Öztürk:1:3400|136:Fatma Çelik:3:450|266:Elif Demir:0:3400|Esra Güler:5:7953|
Temkinli,21,1763,roster,0,2:Burak Aydın:1:3600|3:Cem Öztürk:1:3600|136:Fatma Çelik:3:450|266:Elif Demir:0:3600|Esra Güler:5:7953|
Temkinli,21,1944,roster,0,2:Burak Aydın:1:3600|3:Cem Öztürk:1:3600|136:Fatma Çelik:3:450|266:Elif Demir:0:3600|Esra Güler:5:8368|
Temkinli,21,1945,roster,0,2:Burak Aydın:1:3800|3:Cem Öztürk:1:3800|136:Fatma Çelik:3:450|266:Elif Demir:0:3800|Esra Güler:5:8368|
Temkinli,21,2094,roster,0,3:Cem Öztürk:1:3800|136:Fatma Çelik:3:450|266:Elif Demir:0:3800|
Temkinli,21,2129,roster,0,3:Cem Öztürk:1:4000|136:Fatma Çelik:3:450|266:Elif Demir:0:4000|
Temkinli,21,2310,roster,0,3:Cem Öztürk:1:4250|136:Fatma Çelik:3:450|266:Elif Demir:0:4250|
Temkinli,21,2494,roster,0,3:Cem Öztürk:1:4500|136:Fatma Çelik:3:450|266:Elif Demir:0:4500|
Temkinli,21,2675,roster,0,3:Cem Öztürk:1:4800|136:Fatma Çelik:3:450|266:Elif Demir:0:4800|
Temkinli,21,2824,salary,15,Maaşın ayda 2.160;00 TL brüt (eline 1.560;60 TL geçer; şirkete maliyeti 2.646;00 TL). Ay başında ödenir.
Temkinli,21,2859,roster,0,3:Cem Öztürk:1:5150|136:Fatma Çelik:3:450|266:Elif Demir:0:5150|
