tarz,tohum,gun,takvim_yili,ay,musteri,alan,kaybolan,satilan_adet,pahali_istek,bos_raf_istek,rafta_yok_istek,bekleme_kaybi,kart_kaybi,ciro_kurus,mal_maliyeti_kurus,brut_kar_kurus,ucret_kurus,sgk_kurus,kira_kurus,isletme_kurus,fire_kurus,aile_diger_gider_kurus,aile_favok_kurus,sirket_favok_kurus,sirket_net_kurus,faiz_kurus,vergi_kurus,vergi_odeme_kurus,toptanci_vade_kurus,kasa_kurus,patron_net_maas_kurus,patron_net_kar_payi_kurus,servet_kurus,mudur_gunluk_maliyet_kurus,aile_mudur_gunluk_maliyet_kurus,calisan,kasiyer,gorevli,ik,musavir,raf_ortalama_kurus,liste_ortalama_kurus,alis_ortalama_kurus,stok_maliyeti_ortalama_kurus,bot_hedef_ortalama_kurus,liste_duzeyi,yerel_pay,butce_carpani,donem_butce,donem_ithal_carpani,donem_talep_carpani,donem,rakip_fiyatlari,mudurler,siparis_kurus,magaza,patron_sirket_maliyeti_kurus,ilk_gun,oynanan_gun,brut_marj_yuzde,raf_alis_marj_yuzde,donemler,aile_mudur_patron_sonrasi_favok_kurus
Temkinli,21,25,2011,3,1130,972,158,4286,411,39,0,0,82,1941770,1337588,595374,168750,37975,50012,55000,0,9330,274307,153032,99692,0,53340,57670,0,162681,71527,0,12127,0,0,3.0,1.0,2.0,0.0,0.0,481.136364,457.7272730000001,322.27090904,331.35636372,480.7727269999999,1.0,20.047082680000003,1.0,1.0,1.0,1.0,none,0:1.0000|1:0.9300|2:1.0300|3:0.9400|4:0.9500|5:1.1000|6:0.8200|,,1630854,1,121275,1,25,30.66140686075076,33.01880025015112,none,153032
Temkinli,21,55,2011,4,1192,998,194,4243,461,39,0,0,90,1810485,1205241,587353,202500,45570,60374,66390,0,5698,206821,135842,89484,0,46358,52056,0,197042,71527,0,24254,0,0,3.0,1.0,2.0,0.0,0.0,481.136364,459.09090899999995,317.0772727333333,320.3712121,482.136364,1.00592,15.758627033333333,1.0,1.0,1.0,1.0,none,0:1.0000|1:0.9300|2:1.0300|3:0.9400|4:0.9500|5:1.1000|6:0.8200|,,1204366,1,121275,26,30,32.4417490340986,34.09825229228916,none,85546
Temkinli,21,86,2011,5,1321,1143,178,4896,431,56,0,0,93,2085925,1367880,703203,209250,47089,62821,69099,0,6805,308139,186864,104662,0,82202,89007,0,157540,71527,0,36381,0,0,3.0,1.0,2.0,0.0,0.0,483.11583561290325,464.31818200000004,315.585044,317.6715543225806,487.590909,1.01307,16.407336612903226,1.0,1.0,1.0,1.0,none,0:1.0000|1:0.9300|2:1.0300|3:0.9400|4:0.9500|5:1.1000|6:0.8200|,,1375846,1,121275,56,31,33.7118065126982,34.67714764521554,none,186864
Temkinli,21,116,2011,6,1176,1011,165,4500,471,37,0,0,74,1858325,1179835,667588,202500,45570,61245,77460,0,5139,275674,196728,131598,0,65130,70269,0,154818,78030,0,49611,0,0,3.0,1.0,2.0,0.0,0.0,493.8409087333333,466.818182,313.57272720000003,315.5560605666667,490.272727,1.020512,15.038635633333334,1.0,1.0,1.0,1.0,none,0:1.0000|1:0.9300|2:1.0300|3:0.9400|4:0.9500|5:1.1000|6:0.8200|,,1176198,1,132300,87,30,35.92417903219297,36.50329050213931,none,143374
Temkinli,21,147,2011,7,1238,1050,188,4731,471,51,0,0,82,1904820,1236164,655918,222750,50220,63751,80600,0,8140,230457,159164,97956,0,61208,46958,0,176500,78030,0,62841,0,0,3.0,1.0,2.0,0.0,0.0,494.0689148387097,470.227273,327.44574796774197,322.5645161612903,493.727273,1.027766,14.445355870967742,1.0,1.0,1.0,1.0,none,0:1.0000|1:0.9300|2:1.0300|3:0.9400|4:0.9500|5:1.1000|6:0.8200|,,1267308,1,132300,117,31,34.434644743335326,33.72468128770303,none,98157
Temkinli,21,178,2011,8,1292,1084,208,4804,515,35,0,0,103,1930905,1269966,644472,223200,50220,64216,81189,0,7869,217778,196596,147862,0,48734,68643,0,143294,78030,0,76071,0,0,3.0,1.0,2.0,0.0,0.0,494.31818200000004,474.090909,328.4794720967742,327.0806450322581,497.909091,1.035317,13.962746387096775,1.0,1.0,1.0,1.0,none,0:1.0000|1:0.9300|2:1.0300|3:0.9400|4:0.9500|5:1.1000|6:0.8200|,,1300106,1,132300,148,31,33.37668088279848,33.54898038187594,none,85478
Temkinli,21,208,2011,9,1093,866,227,3487,593,20,0,0,97,1594885,1029425,552296,216000,48600,62595,68820,0,4327,151954,152792,113420,0,39372,43699,0,277611,78030,0,89301,0,0,3.0,1.0,2.0,0.0,0.0,503.1893935333334,477.272727,323.6136365666667,325.50151516666665,501.227273,1.042922,12.8424322,1.0,1.0,1.0,1.0,none,0:1.0000|1:0.9300|2:1.0300|3:0.9400|4:0.9500|5:1.1000|6:0.8200|,,1021964,1,132300,179,30,34.62920524050323,35.687508376460016,none,19654
Temkinli,21,239,2011,10,1108,935,173,3897,493,24,0,0,69,1833485,1186220,631502,223200,50220,65146,71641,0,2794,218501,100076,44987,0,55089,57883,0,305243,78030,0,102531,0,0,3.0,1.0,2.0,0.0,0.0,506.78152532258065,481.136364,327.2331378064516,326.036656967742,505.363636,1.050335,13.061110612903226,1.0,1.0,1.0,1.0,none,0:1.0000|1:0.9300|2:1.0300|3:0.9400|4:0.9500|5:1.1000|6:0.8200|,,1219598,1,132300,209,31,34.44271428454555,35.42915014548754,none,86201
Temkinli,21,269,2011,11,1113,921,192,3887,520,59,0,0,67,1856650,1206244,639875,216000,48600,63495,69840,0,0,241940,109640,58260,0,51380,51380,0,360285,78030,0,115761,0,0,3.0,1.0,2.0,0.0,0.0,507.772727,484.545455,330.9166667,328.54696973333336,508.954545,1.058051,13.1463383,1.0,1.0,1.0,1.0,none,0:1.0000|1:0.9300|2:1.0300|3:0.9400|4:0.9500|5:1.1000|6:0.8200|,,1218760,1,132300,240,30,34.46395389545687,34.82976751132204,none,109640
Temkinli,21,300,2011,12,1137,927,210,3855,559,62,0,0,91,1965045,1268117,684465,223200,50220,66077,79949,0,7972,257047,119235,67841,0,51394,54016,0,441240,81281,0,129542,0,0,3.0,1.0,2.0,0.0,0.0,513.4750735806451,487.5,330.8548387741936,329.65689158064515,511.954545,1.065572,12.966577870967742,1.0,1.0,1.0,1.0,none,0:1.0000|1:0.9300|2:1.0300|3:0.9400|4:0.9500|5:1.1000|6:0.8200|,,1266292,1,137812,270,31,34.83202674747906,35.56555015085259,none,119235
Temkinli,21,331,2012,1,1119,889,230,3733,631,16,0,0,84,1916650,1226562,677366,250200,53317,66569,80538,0,20450,206292,247056,181801,0,65255,69068,0,588615,81281,0,143323,0,0,3.967741935483871,1.0,2.0,0.0,0.967741935483871,516.6862171935484,491.81818200000004,330.32258067741935,329.61436961290326,516.545455,1.0734,13.262584774193549,1.0,1.0,1.0,1.0,none,0:1.0000|1:0.9300|2:1.0300|3:0.9400|4:0.9500|5:1.1000|6:0.8200|,,1272280,1,137812,301,31,35.3411420968878,36.06901641936348,none,68480
Temkinli,21,360,2012,2,1059,881,178,3853,488,11,0,0,86,2035180,1333872,687546,234900,49909,62623,75777,0,0,264337,126525,72560,0,53965,53965,0,667177,81281,0,157104,0,0,4.0,1.0,2.0,0.0,1.0,517.00627,494.3181819999999,341.38557989655175,336.60971796551723,519.227273,1.079586,13.464540655172414,1.0,1.0,1.0,1.0,none,0:1.0000|1:0.9300|2:1.0300|3:0.9400|4:0.9500|5:1.1000|6:0.8200|,,1338966,1,137812,332,29,33.78305604418282,33.96877374493896,none,126525
Temkinli,21,391,2012,3,1573,1376,197,7385,343,95,0,3,129,3066385,2269893,778832,251100,53351,67313,74028,0,0,333040,305984,243448,0,62536,62536,0,964178,81281,0,170885,0,0,4.0,1.0,2.0,0.0,1.0,467.4999999032258,496.590909,337.0249265806452,337.50733141935484,450.59824016129033,1.085405,25.42918435483871,1.0,1.0,1.0,1.0,none,0:1.0000|1:0.9100|2:1.0300|3:0.9200|4:0.9300|5:1.1000|6:0.8200|,,2232648,1,137812,361,31,25.39902849772615,27.90910659884266,none,195228
Temkinli,21,421,2012,4,1751,1602,149,7945,157,124,0,2,124,3273260,2414361,837090,243000,51630,65502,72060,0,0,404898,267086,169725,0,97361,97361,0,1093557,81281,0,184666,0,0,4.0,1.0,2.0,0.0,1.0,444.16666683333335,499.318182,325.2984848,327.89393946666667,439.40909100000005,1.09166,33.534261199999996,1.0,1.0,1.0,1.0,none,0:1.0500|1:0.8900|2:1.0300|3:0.9000|4:0.9100|5:1.1000|6:0.8200|,,2474744,1,137812,392,30,25.57358718830768,26.76206723948891,none,267086
Temkinli,21,452,2012,5,1894,1686,208,8793,181,125,0,9,164,3558120,2686517,852712,251100,53351,68058,74865,0,0,405338,267526,192299,0,75227,75227,0,1317909,81281,0,198447,0,0,4.0,1.0,2.0,0.0,1.0,444.31818200000004,502.045455,336.8020528709677,333.9662756451613,441.772727,1.097747,34.25650925806452,1.0,1.0,1.0,1.0,none,0:1.0500|1:0.8900|2:1.0300|3:0.9000|4:0.9100|5:1.1000|6:0.8200|,,2669868,1,137812,422,31,23.96524007059908,24.198003476939036,none,267526
Temkinli,21,482,2012,6,1804,1628,176,8402,154,60,0,6,158,3110915,2324081,772969,243000,51630,66252,83790,0,0,328297,232724,171595,0,61129,61129,0,1468526,84532,0,212779,0,0,4.0,1.0,2.0,0.0,1.0,448.2045458,505.227273,334.83787870000003,335.11969693333333,444.681818,1.104074,35.08406013333333,1.0,1.0,1.0,1.0,none,0:1.0500|1:0.8900|2:1.0300|3:0.9000|4:0.9100|5:1.1000|6:0.8200|,,2356684,1,143325,453,30,24.846998391148585,25.293511224356703,none,184972
Temkinli,21,513,2012,7,1982,1811,171,9562,124,82,0,9,147,3546475,2637625,874861,257100,54746,68833,87079,0,0,407103,350388,252218,0,98170,98170,0,1746516,84532,0,227111,0,0,4.0,1.0,2.0,0.0,1.0,449.51612948387094,508.18181799999996,333.1627564193548,334.0498533548387,447.136364,1.11023,35.698664903225804,1.0,1.0,1.0,1.0,none,0:1.0500|1:0.8900|2:1.0300|3:0.9000|4:0.9100|5:1.1000|6:0.8200|,,2642982,1,143325,483,31,24.668466575966278,25.884137505390893,none,263778
Temkinli,21,544,2012,8,1961,1741,220,9426,162,95,0,21,180,3473230,2577238,876177,243100,51557,69236,87575,0,14059,410650,300257,221901,0,78356,78356,0,1961194,84532,0,241443,0,0,3.838709677419355,0.8387096774193549,2.0,0.0,1.0,450.0146627419355,510.909091,336.1202347096774,335.2038123870968,449.590909,1.116629,35.31600212903226,1.0,1.0,1.0,1.0,none,0:1.0500|1:0.8950|2:1.0300|3:0.9050|4:0.9150|5:1.1000|6:0.8200|,,2600368,1,143325,514,31,25.226575838628598,25.30904822929554,none,267325
Temkinli,21,574,2012,9,1892,1687,205,9526,233,138,0,8,166,3979030,3014026,946668,247500,52650,67393,74130,0,0,504995,417823,301983,0,115840,95137,0,2247771,84532,0,255775,0,0,4.0,1.0,2.0,0.0,1.0,453.33333366666665,514.090909,342.77424229999997,341.4909090666667,452.40909100000005,1.123064,36.819237566666665,1.0,1.0,1.0,1.0,none,0:1.0500|1:0.8950|2:1.0300|3:0.9050|4:0.9150|5:1.1000|6:0.8200|,,3066652,1,143325,545,30,23.79142655370781,24.38803484236174,none,361670
Temkinli,21,605,2012,10,1930,1705,225,8655,194,127,0,14,189,3709750,2694672,995836,253150,53820,70042,77035,0,403521,138268,-5057,-89718,0,84661,105364,0,2028947,84532,0,270107,0,0,3.967741935483871,0.967741935483871,2.0,0.0,1.0,464.93401774193546,516.818182,332.27859238709675,334.76832848387096,469.0879766451613,1.129326,34.736661741935485,1.0,1.0,1.0,1.0,none,0:1.0500|1:0.9050|2:1.0300|3:0.9150|4:0.9250|5:1.1000|6:0.8200|,,2697044,1,143325,575,31,26.843749578812588,28.53209709177915,none,-5057
Temkinli,21,635,2012,11,1136,925,211,3746,541,24,0,0,90,1863960,1143242,706694,348900,75452,68172,74970,0,79667,59533,-222851,-291113,0,68262,68262,0,1628971,84532,0,284439,149240,149240,4.733333333333333,0.8666666666666667,2.0,0.8666666666666667,1.0,548.0757573666667,520.227273,336.42424246666667,334.6757575666667,546.363636,1.135835,14.873261533333334,1.0,1.0,1.0,1.0,none,0:1.0500|1:0.9250|2:1.0300|3:0.9350|4:0.9450|5:1.1000|6:0.8200|,Esra Güler:5:5740,1183222,2,143325,606,30,37.913581836520095,38.61720064337814,none,-233032
Temkinli,21,666,2012,12,1074,883,191,3798,475,35,0,0,87,2001030,1261410,728224,389050,84382,70818,85684,0,0,98290,72380,-38821,0,111201,111201,0,1551865,87784,0,299323,178195,178195,5.0,1.0,2.0,1.0,1.0,549.4574784193547,522.727273,348.95747800000004,343.10263929032254,549.045455,1.142168,13.252117483870968,1.0,1.0,1.0,1.0,none,0:1.0500|1:0.9300|2:1.0300|3:0.9400|4:0.9500|5:1.1000|6:0.8200|,Esra Güler:5:5740,1284264,2,148837,636,31,36.39245788418964,36.49053990422347,none,-228742
Temkinli,21,697,2013,1,1033,841,192,3617,502,40,0,0,90,1970955,1232893,723547,395050,85777,71252,86180,0,0,85288,83593,-15904,0,99497,99497,0,1525840,87784,0,314207,185845,185845,5.0,1.0,2.0,1.0,1.0,554.5307917741935,525.454545,345.65835770967743,345.17302051612904,551.772727,1.148751,12.793383903225806,1.0,1.0,1.0,1.0,none,0:1.0500|1:0.9300|2:1.0300|3:0.9400|4:0.9500|5:1.1000|6:0.8200|,Esra Güler:5:5995,1252910,2,148837,667,31,36.71047791552826,37.66651683962205,none,-249394
Temkinli,21,725,2013,2,950,761,189,3247,460,28,0,0,93,1793135,1125395,647483,357000,77476,64749,78316,0,0,69942,64449,-35187,0,99636,99636,0,1489859,87784,0,329091,167860,167860,5.0,1.0,2.0,1.0,1.0,555.3084411428572,528.863636,349.12987035714286,346.7224026785714,555.363636,1.155828,13.37584182142857,1.0,1.0,1.0,1.0,none,0:1.0500|1:0.9300|2:1.0300|3:0.9400|4:0.9500|5:1.1000|6:0.8200|,Esra Güler:5:5995,1153798,2,148837,698,28,36.108993466749574,37.12865778906346,none,-246755
Temkinli,21,756,2013,3,1052,860,192,3729,454,34,0,0,83,1880840,1170753,700366,395250,85777,72089,79267,0,0,67983,9130,-105141,0,114271,93242,0,1400439,87784,0,343975,185845,185845,5.0,1.0,2.0,1.0,1.0,559.4868036451613,531.818182,347.5014663548387,346.94574761290323,558.409091,1.162259,12.939180032258063,1.0,1.0,1.0,1.0,none,0:1.0500|1:0.9300|2:1.0300|3:0.9400|4:0.9500|5:1.1000|6:0.8200|,Esra Güler:5:5995,1192824,2,148837,726,31,37.23687288658259,37.889247058053634,none,-266699
Temkinli,21,786,2013,4,1089,875,214,3622,472,41,0,0,101,1792335,1102770,682121,382500,83010,70184,77190,0,0,69237,10136,-85529,0,95665,116694,0,1314620,87784,0,358859,179850,179850,5.0,1.0,2.0,1.0,1.0,563.1818179999999,535.454545,347.60909086666663,346.93333326666664,562.227273,1.16942,13.289131033333332,1.0,1.0,1.0,1.0,none,0:1.0500|1:0.9300|2:1.0300|3:0.9400|4:0.9500|5:1.1000|6:0.8200|,Esra Güler:5:5995,1090118,2,148837,757,30,38.0576733702126,38.277643248300556,none,-259450
Temkinli,21,817,2013,5,1049,845,204,3867,545,28,0,0,84,1955645,1222357,719496,395250,85777,72957,80228,0,0,85284,-5687,-97491,0,91804,91804,0,1186045,87784,0,373743,185845,185845,5.0,1.0,2.0,1.0,1.0,567.1554251612904,538.409091,357.247800516129,352.7346040645161,565.3636359999999,1.176391,13.008544451612904,1.0,1.0,1.0,1.0,none,0:1.0500|1:0.9300|2:1.0300|3:0.9400|4:0.9500|5:1.1000|6:0.8200|,Esra Güler:5:5995,1251810,2,148837,787,31,36.79072633325578,37.01059979907039,none,-249398
Temkinli,21,847,2013,6,1101,907,194,4194,424,23,0,0,94,2034105,1269416,750905,382500,83010,71024,89850,0,0,124521,35115,-80065,0,115180,95673,0,1116101,92660,0,389453,180118,180118,5.0,1.0,2.0,1.0,1.0,570.4090907333334,542.045455,359.7757576,356.9363636333334,569.1818179999999,1.183639,13.607403833333334,1.0,1.0,1.0,1.0,none,0:1.0500|1:0.9300|2:1.0300|3:0.9400|4:0.9500|5:1.1000|6:0.8200|,Esra Güler:5:5995,1304992,2,157106,818,30,36.91574427082181,36.92671392430606,none,-212703
Temkinli,21,878,2013,7,1151,938,213,3952,492,14,0,0,103,1848930,1163879,671797,407250,88567,73826,93372,0,0,8782,-77745,-165178,0,87433,106940,0,911462,92660,0,405163,194153,194153,5.0,1.0,2.0,1.0,1.0,574.6847510967742,545.0,364.12316696774195,360.54398822580646,572.454545,1.190696,13.013823806451613,1.0,1.0,1.0,1.0,none,0:1.0500|1:0.9300|2:1.0300|3:0.9400|4:0.9500|5:1.1000|6:0.8200|,Esra Güler:5:6263,1193336,2,157106,848,31,36.33436636324793,36.63949386636408,none,-342477
Temkinli,21,909,2013,8,1128,962,166,4250,435,22,0,0,102,2110645,1323771,775084,407650,88567,74291,93961,0,0,110615,11138,-82261,0,93399,93399,0,835490,92660,0,420873,194153,194153,5.0,1.0,2.0,1.0,1.0,578.3870967419355,549.090909,366.04398835483875,363.5909090967742,576.8636359999999,1.198032,13.806885193548387,1.0,1.0,1.0,1.0,none,0:1.0500|1:0.9300|2:1.0300|3:0.9400|4:0.9500|5:1.1000|6:0.8200|,Esra Güler:5:6263,1332044,2,157106,879,31,36.722613229605166,36.71297468135599,none,-240644
Temkinli,21,939,2013,9,1035,803,232,3429,575,17,0,0,87,1927815,1217045,695538,394500,85710,72344,79560,0,0,63424,28196,-88809,0,117005,117005,0,756755,92660,0,436583,187890,187890,5.0,1.0,2.0,1.0,1.0,578.2121210333333,551.590909,360.08030293333337,362.1954546,579.409091,1.205414,13.011349833333332,1.0,1.0,1.0,1.0,none,0:1.0500|1:0.9300|2:1.0300|3:0.9400|4:0.9500|5:1.1000|6:0.8200|,Esra Güler:5:6263,1220878,2,157106,910,30,36.079084351973606,37.72522404237612,none,-281572
Temkinli,21,970,2013,10,1096,903,193,3941,455,24,0,0,99,2110560,1321181,776842,407650,88567,75190,82708,0,0,122727,11981,-87778,0,99759,99759,0,675442,92660,0,452293,194153,194153,5.0,1.0,2.0,1.0,1.0,581.4809381612904,555.227273,363.42228732258064,362.26392967741936,583.227273,1.2126,13.89807822580645,1.0,1.0,1.0,1.0,none,0:1.0500|1:0.9300|2:1.0300|3:0.9400|4:0.9500|5:1.1000|6:0.8200|,Esra Güler:5:6263,1324062,2,157106,940,31,36.80738761276628,37.50056734933329,none,-228532
Temkinli,21,1000,2013,11,1140,938,202,4176,491,25,0,0,89,2212305,1374235,821320,394500,85710,73215,80520,0,0,187375,159563,56961,0,102602,102602,0,725661,92660,0,468003,187890,187890,5.0,1.0,2.0,1.0,1.0,586.3712124333332,558.409091,363.0227272666667,362.4969696,586.454545,1.220071,13.588341366666667,1.0,1.0,1.0,1.0,none,0:1.0500|1:0.9300|2:1.0300|3:0.9400|4:0.9500|5:1.1000|6:0.8200|,Esra Güler:5:6263,1401406,2,157106,971,30,37.12507995054931,38.08994719229328,none,-157621
Temkinli,21,1031,2013,12,1090,904,186,3737,497,13,0,0,86,2242860,1390438,838961,407650,88567,76120,92070,0,0,174554,237855,104363,0,133492,133492,0,817687,95911,0,484264,194446,194446,5.0,1.0,2.0,1.0,1.0,590.535190451613,562.045455,360.52492677419355,361.6627565806451,590.318182,1.227345,13.977653451612904,1.0,1.0,1.0,1.0,none,0:1.0500|1:0.9300|2:1.0300|3:0.9400|4:0.9500|5:1.1000|6:0.8200|,Esra Güler:5:6263,1410710,2,162619,1001,31,37.40585680782572,38.94945930343602,none,-182511
Temkinli,21,1062,2014,1,1069,859,210,3432,530,21,0,0,97,2041395,1278847,752935,416650,90675,76586,92628,0,0,76396,72864,-25616,0,98480,98480,0,812140,95911,0,500525,203236,203236,5.0,1.0,2.0,1.0,1.0,595.1246338064516,565.227273,373.9912024516129,368.6158357419355,593.590909,1.234907,13.240726548387096,1.0,1.0,1.0,1.0,none,0:1.0500|1:0.9300|2:1.0300|3:0.9400|4:0.9500|5:1.1000|6:0.8200|,Esra Güler:5:6556,1263754,2,162619,1032,31,36.88335672420085,37.1574992519561,none,-289459
Temkinli,21,1090,2014,2,1026,809,217,3211,510,21,0,0,103,1856050,1155416,686288,376600,81900,69623,84224,0,0,73941,73717,-26654,0,100371,100371,0,777123,95911,0,516786,183568,183568,5.0,1.0,2.0,1.0,1.0,597.7110385714286,569.545455,367.3733766785714,368.8863634285714,598.0454550000001,1.243005,13.444592928571428,1.0,1.0,1.0,1.0,none,0:1.0500|1:0.9300|2:1.0300|3:0.9400|4:0.9500|5:1.1000|6:0.8200|,Esra Güler:5:6556,1170636,2,162619,1063,28,36.975728024568305,38.53662506273607,none,-272246
Temkinli,21,1121,2014,3,1079,841,238,3559,556,29,0,0,126,1980520,1227315,740586,416950,90675,77547,85281,0,0,70133,-9041,-132707,0,123666,123666,0,623701,95911,0,533047,203236,203236,5.0,1.0,2.0,1.0,1.0,603.3724340967742,572.954545,376.3988267096774,372.74340174193543,601.590909,1.250366,12.933691709677419,1.0,1.0,1.0,1.0,none,0:1.0500|1:0.9300|2:1.0300|3:0.9400|4:0.9500|5:1.1000|6:0.8200|,Esra Güler:5:6556,1273822,2,162619,1091,31,37.39351281481631,37.617497015233674,none,-295722
Temkinli,21,1151,2014,4,1070,848,222,3518,524,14,0,0,106,2006125,1263185,728429,403500,87750,75526,83070,0,0,78583,-38374,-136748,0,98374,98374,0,472671,95911,0,549308,196680,196680,5.0,1.0,2.0,1.0,1.0,603.409091,575.454545,380.5454545,377.31363630000004,604.272727,1.258565,13.245362199999999,1.0,1.0,1.0,1.0,none,0:1.0500|1:0.9300|2:1.0300|3:0.9400|4:0.9500|5:1.1000|6:0.8200|,Esra Güler:5:6556,1288042,2,162619,1122,30,36.31024985980435,36.9340866460363,none,-280716
Temkinli,21,1182,2014,5,1092,829,263,3360,619,16,0,0,117,1971135,1223068,738799,416950,90675,78540,86366,0,0,66268,23122,-75290,0,98412,98412,0,371205,95911,0,565569,203236,203236,5.0,1.0,2.0,1.0,1.0,611.4809383225806,579.772727,379.33284451612906,378.31524916129035,608.954545,1.266552,12.416508322580645,1.0,1.0,1.0,1.0,none,0:1.0500|1:0.9300|2:1.0300|3:0.9400|4:0.9500|5:1.1000|6:0.8200|,Esra Güler:5:6556,1262414,2,162619,1152,31,37.48089298805003,37.96489461196977,none,-299587
Temkinli,21,1212,2014,6,1045,819,226,3559,536,24,0,0,95,1737520,1078217,645060,403500,87750,76516,96750,0,0,-19456,-142434,-253660,0,111226,111226,0,126825,100789,0,582658,196990,196990,5.0,1.0,2.0,1.0,1.0,612.6893942,582.954545,384.12878796666666,380.8393939333334,612.227273,1.274857,12.896250366666667,1.0,1.0,1.0,1.0,none,0:1.0500|1:0.9300|2:1.0300|3:0.9400|4:0.9500|5:1.1000|6:0.8200|,Esra Güler:5:6556,1081220,2,170887,1183,30,37.1253280537778,37.30448223798116,none,-387333
Temkinli,21,1243,2014,7,1176,950,226,4388,484,21,0,0,127,2265920,1420752,829045,430450,93806,79563,100626,0,0,124600,-1623,-106338,0,104715,104715,0,4511,100789,0,599747,212846,212846,5.0,1.0,2.0,1.0,1.0,620.5718471935484,587.954545,393.35483883870967,388.10850445161293,617.545455,1.282947,13.02314193548387,1.0,1.0,1.0,1.0,none,0:1.0500|1:0.9300|2:1.0300|3:0.9400|4:0.9500|5:1.1000|6:0.8200|,Esra Güler:5:6866,1448130,2,170887,1213,31,36.58756708092077,36.61413410588905,none,-259133
Temkinli,21,1274,2014,8,1106,881,225,3855,452,71,0,0,122,1941800,1208173,718422,430900,93806,80090,101277,0,0,12349,49124,-68390,0,117514,93738,0,61772,0,0,516047,212846,212846,5.0,1.0,2.0,1.0,1.0,621.070381516129,590.681818,384.6598240322581,387.2346039677419,620.454545,1.291361,13.074057774193548,1.0,1.0,1.0,1.0,none,0:1.0500|1:0.9300|2:1.0300|3:0.9400|4:0.9500|5:1.1000|6:0.8200|,Esra Güler:5:6866,1123318,2,0,1244,31,36.997734061180346,38.065018799762456,none,-200497
Temkinli,21,1304,2014,9,1007,823,184,3571,503,16,0,0,87,2107275,1337004,754662,417000,90780,78016,85800,0,0,83066,123978,23560,0,100418,124194,0,83957,0,0,432347,205980,205980,5.0,1.0,2.0,1.0,1.0,624.9242424333333,594.3181820000001,398.9166667,393.8636363333333,624.136364,1.299829,13.0129302,1.0,1.0,1.0,1.0,none,0:1.0500|1:0.9300|2:1.0300|3:0.9400|4:0.9500|5:1.1000|6:0.8200|,Esra Güler:5:6866,1331374,2,0,1275,30,35.81222194540342,36.16559582539218,none,-122914
Temkinli,21,1335,2014,10,1110,917,193,3943,479,20,0,0,104,2241225,1394605,828246,430900,93806,81113,89218,0,0,133209,184708,85163,0,99545,99545,0,87749,0,0,348647,212846,212846,5.0,1.0,2.0,1.0,1.0,629.318181451613,599.318182,386.4662757096774,390.0469208709677,629.318182,1.308077,13.88353393548387,1.0,1.0,1.0,1.0,none,0:1.0500|1:0.9300|2:1.0300|3:0.9400|4:0.9500|5:1.1000|6:0.8200|,Esra Güler:5:6866,1487914,2,0,1305,31,36.95505805976642,38.58968529746951,none,-79637
Temkinli,21,1365,2014,11,1088,867,221,3851,457,36,0,0,113,2199635,1386308,801189,417000,90780,79007,86910,0,0,127492,131416,7358,0,124058,102604,0,103043,0,0,264947,205980,205980,5.0,1.0,2.0,1.0,1.0,630.5833335666666,602.272727,400.81666663333334,395.1924241666667,632.545455,1.316655,13.680274366666668,1.0,1.0,1.0,1.0,none,0:1.0500|1:0.9300|2:1.0300|3:0.9400|4:0.9500|5:1.1000|6:0.8200|,Esra Güler:5:6866,1416428,2,0,1336,30,36.42372484525842,36.43716138733658,none,-78488
Temkinli,21,1396,2014,12,1065,874,191,3773,490,25,0,0,112,2376825,1494047,870946,430900,93806,82167,99417,0,0,164656,94912,-11437,0,106349,127803,0,71804,105665,0,282862,213184,213184,5.0,1.0,2.0,1.0,1.0,639.090909,606.818182,399.88856300000003,398.3870968387097,637.227273,1.32501,13.707237161290323,1.0,1.0,1.0,1.0,none,0:1.0500|1:0.9300|2:1.0300|3:0.9400|4:0.9500|5:1.1000|6:0.8200|,Esra Güler:5:6866,1505038,2,179156,1366,31,36.64325307921281,37.42853209636252,none,-227684
Temkinli,21,1427,2015,1,1037,784,253,3151,551,44,0,0,138,2018015,1271638,732676,378000,82009,82696,100068,0,0,89903,241281,140864,0,100417,100417,0,176974,0,0,195112,223324,223324,4.483870967741935,1.0,2.0,0.4838709677419355,1.0,641.070381483871,610.227273,398.97653954838705,398.78445741935485,640.727273,1.3337,11.641214161290323,1.0,1.0,1.0,1.0,none,0:1.0500|1:0.9300|2:1.0300|3:0.9400|4:0.9500|5:1.1000|6:0.8200|,Esra Güler:5:7204,1319862,2,0,1397,31,36.30676679806642,37.76400359896753,none,-133421
Temkinli,21,1455,2015,2,901,689,212,2972,473,13,0,0,105,1905425,1215051,672775,285600,61432,75225,91000,0,0,159518,73303,-21059,0,94362,94362,0,147403,105665,0,213027,201712,201712,4.0,1.0,2.0,0.0,1.0,642.8571424285716,614.5454550000001,409.4383116428571,404.4529220357143,645.5454550000001,1.342972,11.733350714285715,1.0,1.0,1.0,1.0,none,0:1.0500|1:0.9300|2:1.0300|3:0.9400|4:0.9500|5:1.1000|6:0.8200|,Esra Güler:5:7204,1239628,2,179156,1428,28,35.3083957647244,36.30959592420642,none,-221350
Temkinli,21,1486,2015,3,963,748,215,3352,514,23,0,0,104,1958520,1223546,721245,316200,68014,83812,92163,0,0,161056,55529,-70575,0,126104,126104,0,67095,105665,0,230942,223324,223324,4.0,1.0,2.0,0.0,1.0,648.8929617741935,618.409091,403.35630499999996,404.80351903225807,649.545455,1.351403,11.812212096774195,1.0,1.0,1.0,1.0,none,0:1.0500|1:0.9300|2:1.0300|3:0.9400|4:0.9500|5:1.1000|6:0.8200|,Esra Güler:5:7204,1247932,2,179156,1456,31,36.82602168984744,37.839315763704825,none,-241424
Temkinli,21,1516,2015,4,991,758,233,3294,507,25,0,0,118,1888360,1176176,697823,306000,65820,81678,89820,0,0,154505,187802,89339,0,98463,98463,0,155911,0,0,143192,216120,216120,4.0,1.0,2.0,0.0,1.0,651.742424,622.954545,406.6515151666666,404.9363636333334,654.227273,1.360799,11.516775966666668,1.0,1.0,1.0,1.0,none,0:1.0500|1:0.9300|2:1.0300|3:0.9400|4:0.9500|5:1.1000|6:0.8200|,Esra Güler:5:7204,1187392,2,0,1487,30,36.95391768518714,37.60548643267902,none,-61615
Temkinli,21,1547,2015,5,1011,782,229,3407,553,12,0,0,111,1979830,1223662,738475,316200,68014,84959,93434,0,0,175868,73753,-50228,0,123981,99607,0,124368,105665,0,161107,223324,223324,4.0,1.0,2.0,0.0,1.0,658.7683287419354,626.818182,407.230205483871,405.57478000000003,658.272727,1.369954,11.331547516129032,1.0,1.0,1.0,1.0,none,0:1.0500|1:0.9300|2:1.0300|3:0.9400|4:0.9500|5:1.1000|6:0.8200|,Esra Güler:5:7204,1248760,2,179156,1517,31,37.2999196900744,38.18309294535037,none,-226612
Temkinli,21,1577,2015,6,1023,823,200,3809,384,12,0,0,115,2069920,1278035,771474,306000,65820,82789,104700,0,0,212165,113191,12048,0,101143,125517,0,108136,110542,0,179849,216478,216478,4.0,1.0,2.0,0.0,1.0,660.6818179999999,632.045455,411.83484849999996,408.47575756666663,663.772727,1.379479,12.3881019,1.0,1.0,1.0,1.0,none,0:1.0500|1:0.9300|2:1.0300|3:0.9400|4:0.9500|5:1.1000|6:0.8200|,Esra Güler:5:7204,1300110,2,187425,1548,30,37.27071577645513,37.665175992477515,none,-191738
Temkinli,21,1608,2015,7,987,764,223,3351,530,10,0,0,87,1756480,1093615,650860,329700,71145,86137,108934,0,0,54944,64612,-24808,0,89420,89420,0,60315,0,0,88049,234422,234422,4.0,1.0,2.0,0.0,1.0,669.4208212258064,635.227273,422.686217,416.16275664516127,667.045455,1.38876,11.371781548387096,1.0,1.0,1.0,1.0,none,0:1.0500|1:0.9300|2:1.0300|3:0.9400|4:0.9500|5:1.1000|6:0.8200|,Esra Güler:5:7562,1123002,2,0,1578,31,37.05479140098379,36.85792201294242,none,-179478
Temkinli,21,1639,2015,8,1046,836,210,3698,442,12,0,0,131,2010495,1277529,714186,330150,71145,86726,109678,0,0,116487,104794,-8330,0,113124,113124,0,43736,0,0,0,234422,234422,4.0,1.0,2.0,0.0,1.0,669.9560117419354,640.909091,432.99120232258065,425.39149567741936,673.0,1.398416,12.188177548387097,1.0,1.0,1.0,1.0,none,0:1.0500|1:0.9300|2:1.0300|3:0.9400|4:0.9500|5:1.1000|6:0.8200|,Esra Güler:5:7562,1308896,2,0,1609,31,35.52289361575134,35.37020420239661,none,-117935
Temkinli,21,1669,2015,9,967,709,258,3065,609,17,0,0,107,1862410,1184091,662529,319500,68850,84499,92940,0,0,96740,61314,-31811,0,93125,93125,0,61231,0,0,0,226860,226860,4.0,1.0,2.0,0.0,1.0,680.0454545,644.090909,430.56212113333333,428.7121212666667,676.3181820000001,1.408139,11.073855266666667,1.0,1.0,1.0,1.0,none,0:1.0500|1:0.9300|2:1.0300|3:0.9400|4:0.9500|5:1.1000|6:0.8200|,Esra Güler:5:7562,1151360,2,0,1640,30,35.573745845436825,36.686273206560585,none,-130120
Temkinli,21,1700,2015,10,1032,809,223,3603,529,22,0,0,130,2266250,1438708,812752,330150,71145,87905,96689,0,0,226863,242270,138491,0,103779,103779,0,161950,0,0,0,234422,234422,4.0,1.0,2.0,0.0,1.0,680.593841483871,648.8636359999999,428.18328451612905,428.45161293548387,681.5,1.417612,11.63098329032258,1.0,1.0,1.0,1.0,none,0:1.0500|1:0.9300|2:1.0300|3:0.9400|4:0.9500|5:1.1000|6:0.8200|,Esra Güler:5:7562,1492182,2,0,1670,31,35.86329840044126,37.0868117785817,none,-7559
Temkinli,21,1730,2015,11,1004,806,198,3540,513,13,0,0,104,2083005,1305232,761345,319500,68850,85669,94200,0,0,193126,96912,-32930,0,129842,129842,0,90741,110542,0,18742,226860,226860,4.0,1.0,2.0,0.0,1.0,687.7121207666667,653.863636,427.45000020000003,428.0439394333333,686.636364,1.427469,11.939776366666667,1.0,1.0,1.0,1.0,none,0:1.0500|1:0.9300|2:1.0300|3:0.9400|4:0.9500|5:1.1000|6:0.8200|,Esra Güler:5:7562,1359432,2,187425,1701,30,36.550320330484084,37.8446318899432,none,-221159
Temkinli,21,1761,2015,12,1026,828,198,3402,471,9,0,0,121,2218360,1409885,794682,330150,71145,89114,107818,0,0,196455,114942,7076,0,107866,107866,0,101666,117045,0,38587,234813,234813,4.0,1.0,2.0,0.0,1.0,690.8870966129033,658.181818,435.90029316129034,431.983871,691.181818,1.437072,12.251670064516128,1.0,1.0,1.0,1.0,none,0:1.0500|1:0.9300|2:1.0300|3:0.9400|4:0.9500|5:1.1000|6:0.8200|,Esra Güler:5:7562,1415488,2,198450,1731,31,35.82295028759985,36.90715960707533,none,-236808
Temkinli,21,1792,2016,1,1002,747,255,2980,566,17,0,0,119,1974355,1239903,723976,348150,75330,89735,108562,0,0,102199,61686,-67949,0,129635,101117,0,69019,117045,0,58432,246543,246543,4.0,1.0,2.0,0.0,1.0,697.1187684838709,662.272727,434.48240487096774,433.2404691935484,695.454545,1.447064,11.350439516129033,1.0,1.0,1.0,1.0,none,0:1.0500|1:0.9300|2:1.0300|3:0.9400|4:0.9500|5:1.1000|6:0.8200|,Esra Güler:5:7953,1242506,2,198450,1762,31,36.66898809991111,37.6745506628803,none,-342794
Temkinli,21,1821,2016,2,970,744,226,3211,476,21,0,0,125,2220465,1402313,804787,326250,70470,84555,102312,0,0,221200,99415,-10863,0,110278,138796,0,33942,117045,0,78277,230637,230637,4.0,1.0,2.0,0.0,1.0,699.545455,667.272727,439.22100310344825,436.20846393103443,700.818182,1.4576940000000003,11.940607827586208,1.0,1.0,1.0,1.0,none,0:1.0500|1:0.9300|2:1.0300|3:0.9400|4:0.9500|5:1.1000|6:0.8200|,Esra Güler:5:7953,1408644,2,198450,1793,29,36.24407500230807,37.21337191684731,none,-207887
Temkinli,21,1852,2016,3,1016,719,297,2933,654,25,0,0,141,1976590,1253311,706674,348750,75330,91007,100099,0,0,91488,117225,14625,0,102600,102600,0,70707,0,0,0,246543,246543,4.0,1.0,2.0,0.0,1.0,708.5997066129032,671.1363640000001,450.64369512903227,444.14809380645164,704.818182,1.467709,10.755047064516129,1.0,1.0,1.0,1.0,none,0:1.0500|1:0.9300|2:1.0300|3:0.9400|4:0.9500|5:1.1000|6:0.8200|,Esra Güler:5:7953,1251134,2,0,1822,31,35.75217925821744,36.40362945066646,none,-155055
Temkinli,21,1882,2016,4,988,763,225,3355,492,13,0,0,119,2120240,1354741,753266,337500,72900,88731,97590,0,0,156545,173961,71881,0,102080,102080,0,102906,0,0,0,238590,238590,4.0,1.0,2.0,0.0,1.0,710.2272723000001,676.590909,457.1272727,451.8969696666666,710.5,1.4784910000000002,11.632903033333333,1.0,1.0,1.0,1.0,none,0:1.0500|1:0.9300|2:1.0300|3:0.9400|4:0.9500|5:1.1000|6:0.8200|,Esra Güler:5:7953,1408632,2,0,1853,30,35.52739312530657,35.636479965118916,none,-82045
Temkinli,21,1913,2016,5,998,733,265,2848,676,32,0,0,128,1763110,1123278,629060,348750,75330,92340,101556,0,0,11084,56000,-62983,0,118983,118983,0,50412,0,0,0,246543,246543,4.0,1.0,2.0,0.0,1.0,719.6920820967742,680.909091,461.28005864516126,456.90469209677417,715.045455,1.489001,10.507760193548387,1.0,1.0,1.0,1.0,none,0:1.0500|1:0.9300|2:1.0300|3:0.9400|4:0.9500|5:1.1000|6:0.8200|,Esra Güler:5:7953,1121076,2,0,1883,31,35.6789990414665,35.9059144709147,none,-235459
Temkinli,21,1943,2016,6,1016,772,244,3075,537,54,0,0,140,1895605,1210293,673631,337500,72900,90021,113850,0,0,59360,107798,10921,0,96877,96877,0,68298,0,0,0,239005,239005,4.0,1.0,2.0,0.0,1.0,720.0,685.6818179999999,462.139394,459.2575757,720.136364,1.499939,11.141751433333333,1.0,1.0,1.0,1.0,none,0:1.0500|1:0.9300|2:1.0300|3:0.9400|4:0.9500|5:1.1000|6:0.8200|,Esra Güler:5:7953,1209738,2,0,1914,30,35.53646461156201,35.81397305555556,none,-179645
Temkinli,21,1974,2016,7,1051,763,288,3169,699,35,0,0,115,1934035,1211367,713504,366750,79515,93673,118482,0,0,55084,44895,-80046,0,124941,101154,0,70358,0,0,0,259408,259408,4.0,1.0,2.0,0.0,1.0,733.0058651612902,692.045455,460.98973603225807,459.7595309032258,726.818182,1.510601,10.30605464516129,1.0,1.0,1.0,1.0,none,0:1.0500|1:0.9300|2:1.0300|3:0.9400|4:0.9500|5:1.1000|6:0.8200|,Esra Güler:5:8368,1164918,2,0,1944,31,36.891990062227414,37.109679752586686,none,-204324
Temkinli,21,2005,2016,8,981,699,282,2885,630,113,0,0,100,1566930,975415,581020,367350,79515,94356,119350,0,0,-79551,-130406,-233487,0,103081,126868,0,40125,0,0,0,259408,259408,4.0,1.0,2.0,0.0,1.0,733.8636359999999,696.590909,468.2478005483871,462.9970673870968,731.545455,1.521698,10.232762548387097,1.0,1.0,1.0,1.0,none,0:1.0500|1:0.9300|2:1.0300|3:0.9400|4:0.9500|5:1.1000|6:0.8200|,Esra Güler:5:8368,756144,2,0,1975,31,37.08015035770583,36.1941677474823,none,-338959
Temkinli,21,2035,2016,9,859,566,293,2089,379,414,0,0,101,1057320,658440,390962,355500,76950,92002,101160,0,0,-234650,-286291,-389010,0,102719,102719,0,-13345,0,0,0,251040,251040,4.0,1.0,2.0,0.0,1.0,743.7196972999999,702.272727,468.49393936666667,464.48636369999997,737.545455,1.5328759999999997,9.045067399999999,1.0,1.0,1.0,1.0,none,0:1.0500|1:0.9300|2:1.0300|3:0.9400|4:0.9500|5:1.1000|6:0.8200|,Esra Güler:5:8368,391002,2,0,2006,30,36.97669579692052,37.00665169048404,none,-485690
Temkinli,21,2066,2016,10,869,149,720,477,47,1699,0,0,20,182345,111810,71055,367350,79515,95750,105276,0,6847,-583683,-1525865,-1558407,0,32542,0,0,-1375403,0,0,0,259408,259408,4.0,1.0,2.0,0.0,1.0,744.4868039677419,706.1363640000001,479.0542522258064,464.81818200000004,741.545455,1.543772,5.309739193548387,1.0,1.0,1.0,1.0,none,0:1.0500|1:0.9300|2:1.0300|3:0.9400|4:0.9500|5:1.1000|6:0.8200|,Esra Güler:5:8368,0,2,0,2036,31,38.967342126189365,35.653090199492176,none,-843091
Temkinli,21,2096,2016,11,865,28,837,75,56,1864,0,0,4,31470,21108,9446,344100,74385,93322,102630,0,6500,-611491,-1621999,-1621999,0,0,45889,0,591322,82365,0,0,225936,225936,3.9,1.0,1.9,0.0,1.0,753.9469697999999,712.272727,508.2636363666667,468.0060607666666,748.045455,1.555113,5.029222,1.0,1.0,1.0,1.0,none,0:1.0500|1:0.9300|2:1.0300|3:0.9400|4:0.9500|5:1.1000|6:0.8200|,Esra Güler:5:8368,877506,1,139650,2067,30,30.01588814744201,32.586288329868324,none,-977077
Temkinli,21,2127,2016,12,978,690,288,2759,673,10,0,0,138,1963475,1327894,626420,249550,53010,97115,117490,0,0,109255,-37745,-37745,0,0,0,0,586795,86700,0,0,0,0,3.0,1.0,1.0,0.0,1.0,754.0029324838711,716.1363640000001,495.7228738064516,502.41348970967744,752.090909,1.566167,9.686101483870967,1.0,1.0,1.0,1.0,none,0:1.0500|1:0.9200|2:1.0300|3:0.9300|4:0.9400|5:1.1000|6:0.8200|,,1304214,1,147000,2097,31,31.9036402296948,34.25451646807014,none,-37745
Temkinli,21,2158,2017,1,1014,716,298,2969,706,14,0,0,156,2252360,1525997,709181,261550,55800,97833,118358,0,0,175640,75625,43808,0,31817,31817,0,624053,86700,0,0,0,0,3.0,1.0,1.0,0.0,1.0,757.3900293225806,722.5,506.6847508064516,503.33870964516126,758.818182,1.577672,10.53999393548387,1.0,1.0,1.0,1.0,none,0:1.0500|1:0.9200|2:1.0300|3:0.9300|4:0.9400|5:1.1000|6:0.8200|,,1548486,1,147000,2128,31,31.486130103535846,33.10121190007783,none,28640
Temkinli,21,2186,2017,2,911,650,261,2697,560,15,0,0,135,1986160,1326214,648329,236600,50400,89150,107856,0,0,164323,111638,69236,0,42402,42402,0,689579,86700,0,0,0,0,3.0,1.0,1.0,0.0,1.0,771.4691560357143,729.0909089999999,510.0762986785714,506.49675325,765.7272729999999,1.591718,10.38528375,1.0,1.0,1.0,1.0,none,0:1.0500|1:0.9250|2:1.0300|3:0.9350|4:0.9450|5:1.1000|6:0.8200|,,1341140,1,147000,2159,28,32.64233495790873,33.88247674091613,none,17323
Temkinli,21,2217,2017,3,1007,740,267,2976,656,2,0,0,125,2142520,1425254,704187,261950,55800,99508,109430,0,0,177499,124814,82010,0,42804,42804,0,754999,86700,0,0,0,0,3.0,1.0,1.0,0.0,1.0,773.6803516451613,733.8636359999999,511.68621703225807,508.9941349677419,770.545455,1.604512,10.730134516129032,1.0,1.0,1.0,1.0,none,0:1.0500|1:0.9300|2:1.0300|3:0.9400|4:0.9500|5:1.1000|6:0.8200|,,1453750,1,147000,2187,31,32.86723111102813,33.86335636620426,none,30499
Temkinli,21,2247,2017,4,1047,806,241,3360,508,20,0,0,150,2432995,1632630,777752,253500,54000,97167,106830,0,0,266255,166585,109448,0,57137,47332,0,857140,86700,0,0,0,0,3.0,1.0,1.0,0.0,1.0,774.5000003999999,740.6818179999999,520.4712121333333,515.5696969666667,777.6818179999999,1.618797,11.919762566666666,1.0,1.0,1.0,1.0,none,0:1.0500|1:0.9300|2:1.0300|3:0.9400|4:0.9500|5:1.1000|6:0.8200|,,1671416,1,147000,2218,30,31.966855665548017,32.79906883608396,none,119255
Temkinli,21,2278,2017,5,933,640,293,2404,726,18,0,0,122,1633505,1060643,556705,261950,55800,101245,111352,0,0,26358,6922,-101920,76297,32545,42350,0,724973,86700,0,0,0,0,3.0,1.0,1.0,0.0,1.0,796.0190615161291,747.272727,521.215542483871,518.2023459999999,784.772727,1.632742,9.925775258064515,1.0,1.0,1.0,1.0,none,0:1.0500|1:0.9300|2:1.0300|3:0.9400|4:0.9500|5:1.1000|6:0.8200|,,1079744,1,147000,2248,31,34.080397672489525,34.52222846383309,none,-120642
Temkinli,21,2308,2017,6,1054,776,278,3158,580,13,0,0,149,2000595,1310564,681157,253500,54000,98878,125040,0,0,149739,112952,-5508,75985,42475,42475,0,709709,92119,0,0,0,0,3.0,1.0,1.0,0.0,1.0,795.2727268666666,754.3181820000001,521.4727273333333,520.0090908333334,792.3181820000001,1.647278,10.890531866666667,1.0,1.0,1.0,1.0,none,0:1.0500|1:0.9300|2:1.0300|3:0.9400|4:0.9500|5:1.1000|6:0.8200|,,1311016,1,156187,2279,30,34.04772080306109,34.42844074536431,none,-6448
Temkinli,21,2339,2017,7,1097,819,278,3502,517,9,0,0,174,2395695,1568279,813625,276950,59272,103043,130324,0,49844,194192,194788,57206,75668,61914,61914,0,724683,92119,0,0,0,0,3.0,1.0,1.0,0.0,1.0,796.7302054193548,760.0,521.673020516129,520.4266861935483,798.1363640000001,1.661468,11.59563458064516,1.0,1.0,1.0,1.0,none,0:1.0500|1:0.9300|2:1.0300|3:0.9400|4:0.9500|5:1.1000|6:0.8200|,,1604758,1,156187,2309,31,33.9619609340922,34.523253045044385,none,38005
Temkinli,21,2370,2017,8,1092,814,278,3361,600,22,0,0,143,2164175,1389491,761498,277450,59272,103972,131471,0,911,188422,81217,-37766,75346,43637,43637,0,699788,92119,0,0,0,0,3.0,1.0,1.0,0.0,1.0,810.0513197419355,766.818182,525.8181818387097,522.4897360322581,805.318182,1.67626,10.81218,1.0,1.0,1.0,1.0,none,0:1.0500|1:0.9300|2:1.0300|3:0.9400|4:0.9500|5:1.1000|6:0.8200|,,1369994,1,156187,2340,31,35.18652604341146,35.08828773882822,none,32235
Temkinli,21,2400,2017,9,1039,796,243,3340,531,25,0,0,130,2396815,1583789,785441,268500,57360,101490,111630,0,232,246229,90042,-31836,75018,46860,46860,0,605070,92119,0,0,0,0,3.0,1.0,1.0,0.0,1.0,817.409091,773.863636,548.0727272666667,535.8318182,812.590909,1.691183,11.3305445,1.0,1.0,1.0,1.0,none,0:1.0500|1:0.9300|2:1.0300|3:0.9400|4:0.9500|5:1.1000|6:0.8200|,,1653610,1,156187,2371,30,32.7701971157557,32.95000834940962,none,90042
Temkinli,21,2431,2017,10,1064,768,296,3367,568,19,0,0,163,2457195,1636040,802914,277450,59272,105802,116343,0,0,244047,235868,100844,74684,60340,60340,0,661181,92119,0,0,0,0,3.0,1.0,1.0,0.0,1.0,819.9486803548388,781.1363640000001,543.837243483871,541.8724340967742,820.3636359999999,1.705752,11.474225387096775,1.0,1.0,1.0,1.0,none,0:1.0500|1:0.9300|2:1.0300|3:0.9400|4:0.9500|5:1.1000|6:0.8200|,,1677536,1,156187,2401,31,32.67603914219262,33.67423394735857,none,87860
Temkinli,21,2461,2017,11,1050,778,272,3296,612,13,0,0,129,2473270,1638145,809612,268500,57360,103290,113580,0,1342,265540,234530,112778,74345,47407,47407,0,758902,92119,0,0,0,0,3.0,1.0,1.0,0.0,1.0,829.8409088333334,787.272727,552.4045454333334,547.1984847666666,826.6818179999999,1.720938,11.200446766666666,1.0,1.0,1.0,1.0,none,0:1.0500|1:0.9300|2:1.0300|3:0.9400|4:0.9500|5:1.1000|6:0.8200|,,1658098,1,156187,2432,30,32.734477028387516,33.43247608629533,none,109353
Temkinli,21,2492,2017,12,1073,835,238,3563,558,35,0,0,132,2912190,1933328,961098,277450,59272,107662,130231,0,3993,382490,319461,171194,73999,74268,60628,0,937128,97537,0,0,0,0,3.0,1.0,1.0,0.0,1.0,840.3592374193548,794.545455,554.7419353870968,551.8137830322581,834.454545,1.735763,11.361358451612903,1.0,1.0,1.0,1.0,none,0:1.0500|1:0.9300|2:1.0300|3:0.9400|4:0.9500|5:1.1000|6:0.8200|,,1937042,1,165375,2462,31,33.002585682939646,33.9875245388336,none,217115
Temkinli,21,2523,2018,1,1004,719,285,2880,605,26,0,0,148,2456365,1623939,806659,292450,62775,108594,131378,0,0,211462,121593,-1613,73648,49558,63198,0,894554,97537,0,0,0,0,3.0,1.0,1.0,0.0,1.0,843.8636359999999,801.590909,549.9120234516129,550.9750732258065,841.772727,1.751216,11.035565129032257,1.0,1.0,1.0,1.0,none,0:1.0500|1:0.9300|2:1.0300|3:0.9400|4:0.9500|5:1.1000|6:0.8200|,,1654900,1,165375,2493,31,32.8395413548068,34.83401820011439,none,46087
Temkinli,21,2551,2018,2,962,708,254,3022,602,13,0,0,138,2528965,1646890,861334,264600,56700,98980,119728,0,0,321326,208024,80278,73290,54456,54456,0,934962,97537,0,0,0,0,3.0,1.0,1.0,0.0,1.0,853.4415580000001,809.0909089999999,554.9951299285714,552.9058440357143,849.636364,1.766807,10.77621475,1.0,1.0,1.0,1.0,none,0:1.0500|1:0.9300|2:1.0300|3:0.9400|4:0.9500|5:1.1000|6:0.8200|,,1685272,1,165375,2524,28,34.0587552615398,34.96975572303086,none,155951
Temkinli,21,2582,2018,3,1024,744,280,3045,577,22,0,0,156,2285105,1477357,791736,292950,62775,110454,121458,0,3173,200926,87624,-32069,72926,46767,46767,0,870686,97537,0,0,0,0,3.0,1.0,1.0,0.0,1.0,862.8519062580644,815.227273,556.9545453548387,554.4105571612903,856.090909,1.781008,10.925717516129033,1.0,1.0,1.0,1.0,none,0:1.0500|1:0.9300|2:1.0300|3:0.9400|4:0.9500|5:1.1000|6:0.8200|,,1503430,1,165375,2552,31,34.64768577373906,35.45189605361281,none,35551
Temkinli,21,2612,2018,4,984,753,231,3155,455,21,0,0,146,2323005,1524601,778258,283500,60750,107851,118590,0,489,207078,119177,-14039,72555,60661,60661,0,804878,97537,0,0,0,0,3.0,1.0,1.0,0.0,1.0,868.2727273666666,822.045455,580.9424243333334,568.2045454333334,863.272727,1.796864,11.112402633333334,1.0,1.0,1.0,1.0,none,0:1.0500|1:0.9300|2:1.0300|3:0.9400|4:0.9500|5:1.1000|6:0.8200|,,1575250,1,165375,2583,30,33.50220942270895,33.09217184613876,none,41703
Temkinli,21,2643,2018,5,1074,728,346,2914,775,20,0,0,161,2458340,1646238,798066,292950,62775,112407,123597,0,2385,203952,169957,51150,72179,46628,46628,0,838346,97537,0,0,0,0,3.0,1.0,1.0,0.0,1.0,871.2683280967743,829.772727,578.8651026774194,575.8753666129031,871.409091,1.812343,10.459128000000002,1.0,1.0,1.0,1.0,none,0:1.0500|1:0.9300|2:1.0300|3:0.9400|4:0.9500|5:1.1000|6:0.8200|,,1655842,1,165375,2613,31,32.46361365799686,33.56063981553073,none,38577
Temkinli,21,2673,2018,6,1070,780,290,3308,574,22,0,0,167,2335300,1518562,797644,283500,60750,109741,138780,0,3121,201752,156732,36248,71795,48689,48689,0,838579,104040,0,0,0,0,3.0,1.0,1.0,0.0,1.0,882.0681821,837.272727,570.4333333333333,573.6954545666666,879.227273,1.828478,11.290427333333334,1.0,1.0,1.0,1.0,none,0:1.0500|1:0.9300|2:1.0300|3:0.9400|4:0.9500|5:1.1000|6:0.8200|,,1550364,1,176400,2644,30,34.155954267117714,35.33001814267195,none,25352
Temkinli,21,2704,2018,7,1084,769,315,3177,687,22,0,0,152,2347535,1537368,794675,310950,66960,114361,144646,0,0,157758,35264,-94839,71405,58698,58698,0,698898,104040,0,0,0,0,3.0,1.0,1.0,0.0,1.0,891.1143691612904,844.318182,595.4193549032258,584.4516129354839,886.545455,1.84423,10.851817870967743,1.0,1.0,1.0,1.0,none,0:1.0500|1:0.9300|2:1.0300|3:0.9400|4:0.9500|5:1.1000|6:0.8200|,,1574112,1,176400,2674,31,33.851465473358225,33.18261095221373,none,-18642
Temkinli,21,2735,2018,8,1037,760,277,3237,536,30,0,0,144,2482325,1653542,817299,311550,66960,115384,145917,0,0,177488,1088,-120737,71008,50817,50817,0,575699,104040,0,0,0,0,3.0,1.0,1.0,0.0,1.0,892.5366566129034,851.590909,597.5234603548387,592.8812317419355,894.181818,1.860649,10.768872258064516,1.0,1.0,1.0,1.0,none,0:1.0500|1:0.9300|2:1.0300|3:0.9400|4:0.9500|5:1.1000|6:0.8200|,,1643780,1,176400,2705,31,32.924737896931305,33.05334229942032,none,1088
Temkinli,21,2765,2018,9,1054,796,258,3334,543,10,0,0,152,2801775,1840853,935728,301500,64800,112653,123900,0,695,332180,155780,16371,70604,68805,58132,0,543501,104040,0,0,0,0,3.0,1.0,1.0,0.0,1.0,907.1666667333334,859.3181820000001,587.2409090333333,590.4045455333332,902.545455,1.877214,11.322353433333335,1.0,1.0,1.0,1.0,none,0:1.0500|1:0.9300|2:1.0300|3:0.9400|4:0.9500|5:1.1000|6:0.8200|,,1899556,1,176400,2736,30,33.397685395865125,35.26648072862272,none,155780
Temkinli,21,2796,2018,10,1042,730,312,2901,670,24,0,0,154,2432025,1595843,819047,311550,66960,117430,129115,0,2188,191804,128036,4455,70193,53388,64061,0,531518,104040,0,0,0,0,3.0,1.0,1.0,0.0,1.0,909.545455,866.3636359999999,595.5146628064516,591.8035190967743,909.8636359999999,1.893385,11.127982903225806,1.0,1.0,1.0,1.0,none,0:1.0500|1:0.9300|2:1.0300|3:0.9400|4:0.9500|5:1.1000|6:0.8200|,,1592946,1,176400,2766,31,33.677573215735855,34.526124061996256,none,15404
Temkinli,21,2826,2018,11,965,694,271,2617,619,20,0,0,145,2105110,1406101,676187,301500,64800,114633,126090,0,0,69164,9615,-99629,69775,39469,39469,0,367938,156060,0,26460,0,0,3.0,1.0,1.0,0.0,1.0,917.3257572333333,874.090909,620.7030302999999,606.5742424666666,917.954545,1.910241,10.7762446,1.0,1.0,1.0,1.0,none,0:1.0500|1:0.9300|2:1.0300|3:0.9400|4:0.9500|5:1.1000|6:0.8200|,,1466608,1,264600,2797,30,32.121219318705435,32.3355933913762,none,-195436
Temkinli,21,2857,2018,12,1018,747,271,3066,680,16,0,0,125,2634425,1729401,887490,311550,66960,119478,144553,0,656,244293,98592,-31101,69350,60343,60343,0,346515,167439,0,54849,0,0,3.0,1.0,1.0,0.0,1.0,932.6759527096774,881.3636359999999,603.4970674516129,607.1774193225806,925.590909,1.926697,10.969381580645162,1.0,1.0,1.0,1.0,none,0:1.0500|1:0.9300|2:1.0300|3:0.9400|4:0.9500|5:1.1000|6:0.8200|,,1711870,1,283894,2827,31,33.68818622659594,35.2940251436429,none,-39601
Temkinli,21,2888,2019,1,970,668,302,2747,640,14,0,0,167,2472740,1651097,802729,332550,71827,120574,145824,0,2174,129780,-70752,-193028,68917,53359,53359,0,60935,167439,0,83238,0,0,3.0,1.0,1.0,0.0,1.0,934.413490032258,889.318182,620.0307918387097,613.0601172580646,933.8636359999999,1.94385,10.011394225806452,1.0,1.0,1.0,1.0,none,0:1.0500|1:0.9300|2:1.0300|3:0.9400|4:0.9500|5:1.1000|6:0.8200|,,1736902,1,283894,2858,31,32.46313805737765,33.644922889832756,none,-154114
Temkinli,21,2916,2019,2,843,564,279,2188,573,19,0,0,155,1958225,1321915,624884,301000,64876,110195,133280,0,2925,12608,70409,-42479,68476,44412,44412,0,65578,0,0,0,0,0,3.0,1.0,1.0,0.0,1.0,944.1477272142857,900.0,639.3100648928572,624.8977271785715,945.2272729999999,1.967061,9.257007250000001,1.0,1.0,1.0,1.0,none,0:1.0500|1:0.9300|2:1.0300|3:0.9400|4:0.9500|5:1.1000|6:0.8200|,,1260648,1,0,2889,28,31.910735487495053,32.287072619541654,none,12608
Temkinli,21,2922,2019,3,180,127,53,576,95,2,0,0,32,510765,343005,166781,64500,13902,23862,26244,0,0,38273,38273,25621,0,12652,12652,0,117622,0,0,0,0,0,3.0,1.0,1.0,0.0,1.0,951.3636364999999,909.090909,641.2651515,631.3636363333334,954.636364,1.988265,9.627393833333334,1.0,1.0,1.0,1.0,none,0:1.0500|1:0.9300|2:1.0300|3:0.9400|4:0.9500|5:1.1000|6:0.8200|,,317576,1,0,2917,6,32.65317709709945,32.59515847597775,none,38273
