takvim_yili,ay,siparis,bedel_kurus,urun_koli
2011,3,25,1630854,ariel_toz_4kg:39|barilla_spagetti_500g:14|caykur_rize_turist_500g:17|caykur_tiryaki_1kg:58|coca_cola_1l:19|coca_cola_kutu_330ml:12|coca_cola_zero_1l:16|danone_danino:14|dogus_cay_1kg:33|fanta_portakal_1l:18|icim_sut_1l:25|lipton_yellow_label_100:24|pepsi_1l:17|pinar_labne_200g:10|pinar_sut_1l:45|sprite_1l:17|sutas_ayran_200ml:8|sutas_sut_1l:19|sutas_yogurt_1kg:17|torku_sut_1l:28|ulker_potibor:12|uludag_gazoz_250ml:9
2011,4,30,1204366,ariel_toz_4kg:29|barilla_spagetti_500g:16|caykur_rize_turist_500g:19|caykur_tiryaki_1kg:31|coca_cola_1l:12|coca_cola_kutu_330ml:14|coca_cola_zero_1l:13|danone_danino:15|dogus_cay_1kg:26|fanta_portakal_1l:11|icim_sut_1l:23|lipton_yellow_label_100:13|pepsi_1l:14|pinar_labne_200g:13|pinar_sut_1l:40|sprite_1l:11|sutas_ayran_200ml:6|sutas_sut_1l:16|sutas_yogurt_1kg:25|torku_sut_1l:20|ulker_potibor:11|uludag_gazoz_250ml:8
2011,5,31,1375846,ariel_toz_4kg:30|barilla_spagetti_500g:16|caykur_rize_turist_500g:27|caykur_tiryaki_1kg:34|coca_cola_1l:22|coca_cola_kutu_330ml:12|coca_cola_zero_1l:22|danone_danino:15|dogus_cay_1kg:26|fanta_portakal_1l:16|icim_sut_1l:21|lipton_yellow_label_100:14|pepsi_1l:16|pinar_labne_200g:27|pinar_sut_1l:17|sprite_1l:15|sutas_ayran_200ml:10|sutas_sut_1l:42|sutas_yogurt_1kg:25|torku_sut_1l:18|ulker_potibor:15|uludag_gazoz_250ml:7
2011,6,30,1176198,ariel_toz_4kg:32|barilla_spagetti_500g:15|caykur_rize_turist_500g:16|caykur_tiryaki_1kg:19|coca_cola_1l:24|coca_cola_kutu_330ml:19|coca_cola_zero_1l:17|danone_danino:15|dogus_cay_1kg:31|fanta_portakal_1l:15|icim_sut_1l:18|lipton_yellow_label_100:10|pepsi_1l:14|pinar_labne_200g:18|pinar_sut_1l:37|sprite_1l:17|sutas_ayran_200ml:8|sutas_sut_1l:16|sutas_yogurt_1kg:26|torku_sut_1l:13|ulker_potibor:8|uludag_gazoz_250ml:10
2011,7,31,1267308,ariel_toz_4kg:32|barilla_spagetti_500g:10|caykur_rize_turist_500g:18|caykur_tiryaki_1kg:19|coca_cola_1l:22|coca_cola_kutu_330ml:18|coca_cola_zero_1l:22|danone_danino:14|dogus_cay_1kg:23|fanta_portakal_1l:19|icim_sut_1l:19|lipton_yellow_label_100:15|pepsi_1l:17|pinar_labne_200g:25|pinar_sut_1l:25|sprite_1l:14|sutas_ayran_200ml:9|sutas_sut_1l:14|sutas_yogurt_1kg:36|torku_sut_1l:16|ulker_potibor:10|uludag_gazoz_250ml:15
2011,8,31,1300106,ariel_toz_4kg:23|barilla_spagetti_500g:14|caykur_rize_turist_500g:21|caykur_tiryaki_1kg:21|coca_cola_1l:25|coca_cola_kutu_330ml:20|coca_cola_zero_1l:22|danone_danino:16|dogus_cay_1kg:32|fanta_portakal_1l:20|icim_sut_1l:22|lipton_yellow_label_100:13|pepsi_1l:16|pinar_labne_200g:15|pinar_sut_1l:40|sprite_1l:19|sutas_ayran_200ml:7|sutas_sut_1l:17|sutas_yogurt_1kg:19|torku_sut_1l:16|ulker_potibor:11|uludag_gazoz_250ml:13
2011,9,30,1021964,ariel_toz_4kg:20|barilla_spagetti_500g:10|caykur_rize_turist_500g:9|caykur_tiryaki_1kg:17|coca_cola_1l:16|coca_cola_kutu_330ml:12|coca_cola_zero_1l:12|danone_danino:11|dogus_cay_1kg:41|fanta_portakal_1l:14|icim_sut_1l:13|lipton_yellow_label_100:14|pepsi_1l:8|pinar_labne_200g:12|pinar_sut_1l:11|sprite_1l:11|sutas_ayran_200ml:6|sutas_sut_1l:28|sutas_yogurt_1kg:18|torku_sut_1l:14|ulker_potibor:13|uludag_gazoz_250ml:7
2011,10,31,1219598,ariel_toz_4kg:22|barilla_spagetti_500g:13|caykur_rize_turist_500g:14|caykur_tiryaki_1kg:24|coca_cola_1l:7|coca_cola_kutu_330ml:14|coca_cola_zero_1l:7|danone_danino:12|dogus_cay_1kg:46|fanta_portakal_1l:12|icim_sut_1l:14|lipton_yellow_label_100:20|pepsi_1l:8|pinar_labne_200g:11|pinar_sut_1l:8|sprite_1l:11|sutas_ayran_200ml:8|sutas_sut_1l:20|sutas_yogurt_1kg:29|torku_sut_1l:41|ulker_potibor:10|uludag_gazoz_250ml:9
2011,11,29,1218760,ariel_toz_4kg:23|barilla_spagetti_500g:13|caykur_rize_turist_500g:14|caykur_tiryaki_1kg:41|coca_cola_1l:10|coca_cola_kutu_330ml:10|coca_cola_zero_1l:14|danone_danino:13|dogus_cay_1kg:30|fanta_portakal_1l:12|icim_sut_1l:14|lipton_yellow_label_100:16|pepsi_1l:10|pinar_labne_200g:19|pinar_sut_1l:17|sprite_1l:13|sutas_ayran_200ml:7|sutas_sut_1l:11|sutas_yogurt_1kg:25|torku_sut_1l:19|ulker_potibor:12|uludag_gazoz_250ml:15
2011,12,31,1266292,ariel_toz_4kg:20|barilla_spagetti_500g:12|caykur_rize_turist_500g:12|caykur_tiryaki_1kg:47|coca_cola_1l:17|coca_cola_kutu_330ml:9|coca_cola_zero_1l:10|danone_danino:12|dogus_cay_1kg:38|fanta_portakal_1l:10|icim_sut_1l:16|lipton_yellow_label_100:18|pepsi_1l:9|pinar_labne_200g:21|pinar_sut_1l:24|sprite_1l:11|sutas_ayran_200ml:5|sutas_sut_1l:15|sutas_yogurt_1kg:19|torku_sut_1l:13|ulker_potibor:13|uludag_gazoz_250ml:6
2012,1,31,1272280,ariel_toz_4kg:25|barilla_spagetti_500g:12|caykur_rize_turist_500g:11|caykur_tiryaki_1kg:41|coca_cola_1l:15|coca_cola_kutu_330ml:11|coca_cola_zero_1l:15|danone_danino:11|dogus_cay_1kg:41|fanta_portakal_1l:11|icim_sut_1l:15|lipton_yellow_label_100:16|pepsi_1l:9|pinar_labne_200g:13|pinar_sut_1l:15|sprite_1l:14|sutas_ayran_200ml:9|sutas_sut_1l:36|sutas_yogurt_1kg:16|torku_sut_1l:13|ulker_potibor:13|uludag_gazoz_250ml:7
2012,2,29,1338966,ariel_toz_4kg:28|barilla_spagetti_500g:12|caykur_rize_turist_500g:15|caykur_tiryaki_1kg:39|coca_cola_1l:12|coca_cola_kutu_330ml:9|coca_cola_zero_1l:13|danone_danino:10|dogus_cay_1kg:37|fanta_portakal_1l:13|icim_sut_1l:13|lipton_yellow_label_100:20|pepsi_1l:6|pinar_labne_200g:11|pinar_sut_1l:12|sprite_1l:12|sutas_ayran_200ml:6|sutas_sut_1l:42|sutas_yogurt_1kg:15|torku_sut_1l:18|ulker_potibor:12|uludag_gazoz_250ml:6
2012,3,31,2232648,ariel_toz_4kg:56|barilla_spagetti_500g:22|caykur_rize_turist_500g:25|caykur_tiryaki_1kg:51|coca_cola_1l:38|coca_cola_kutu_330ml:13|coca_cola_zero_1l:27|danone_danino:20|dogus_cay_1kg:54|fanta_portakal_1l:27|icim_sut_1l:24|lipton_yellow_label_100:24|pepsi_1l:25|pinar_labne_200g:19|pinar_sut_1l:25|sprite_1l:25|sutas_ayran_200ml:13|sutas_sut_1l:80|sutas_yogurt_1kg:28|torku_sut_1l:37|ulker_potibor:22|uludag_gazoz_250ml:12
2012,4,30,2474744,ariel_toz_4kg:64|barilla_spagetti_500g:31|caykur_rize_turist_500g:30|caykur_tiryaki_1kg:57|coca_cola_1l:33|coca_cola_kutu_330ml:15|coca_cola_zero_1l:28|danone_danino:28|dogus_cay_1kg:59|fanta_portakal_1l:38|icim_sut_1l:34|lipton_yellow_label_100:33|pepsi_1l:29|pinar_labne_200g:23|pinar_sut_1l:31|sprite_1l:31|sutas_ayran_200ml:20|sutas_sut_1l:36|sutas_yogurt_1kg:49|torku_sut_1l:48|ulker_potibor:23|uludag_gazoz_250ml:16
2012,5,31,2669868,ariel_toz_4kg:63|barilla_spagetti_500g:30|caykur_rize_turist_500g:35|caykur_tiryaki_1kg:56|coca_cola_1l:27|coca_cola_kutu_330ml:15|coca_cola_zero_1l:32|danone_danino:28|dogus_cay_1kg:48|fanta_portakal_1l:42|icim_sut_1l:71|lipton_yellow_label_100:37|pepsi_1l:36|pinar_labne_200g:18|pinar_sut_1l:33|sprite_1l:35|sutas_ayran_200ml:15|sutas_sut_1l:31|sutas_yogurt_1kg:73|torku_sut_1l:39|ulker_potibor:23|uludag_gazoz_250ml:22
2012,6,30,2356684,ariel_toz_4kg:57|barilla_spagetti_500g:18|caykur_rize_turist_500g:33|caykur_tiryaki_1kg:38|coca_cola_1l:51|coca_cola_kutu_330ml:13|coca_cola_zero_1l:36|danone_danino:23|dogus_cay_1kg:44|fanta_portakal_1l:38|icim_sut_1l:50|lipton_yellow_label_100:24|pepsi_1l:42|pinar_labne_200g:19|pinar_sut_1l:31|sprite_1l:39|sutas_ayran_200ml:14|sutas_sut_1l:29|sutas_yogurt_1kg:39|torku_sut_1l:76|ulker_potibor:18|uludag_gazoz_250ml:21
2012,7,31,2642982,ariel_toz_4kg:56|barilla_spagetti_500g:22|caykur_rize_turist_500g:36|caykur_tiryaki_1kg:55|coca_cola_1l:40|coca_cola_kutu_330ml:17|coca_cola_zero_1l:37|danone_danino:26|dogus_cay_1kg:47|fanta_portakal_1l:50|icim_sut_1l:53|lipton_yellow_label_100:28|pepsi_1l:43|pinar_labne_200g:23|pinar_sut_1l:39|sprite_1l:39|sutas_ayran_200ml:13|sutas_sut_1l:31|sutas_yogurt_1kg:31|torku_sut_1l:110|ulker_potibor:20|uludag_gazoz_250ml:30
2012,8,31,2600368,ariel_toz_4kg:60|barilla_spagetti_500g:28|caykur_rize_turist_500g:25|caykur_tiryaki_1kg:52|coca_cola_1l:45|coca_cola_kutu_330ml:18|coca_cola_zero_1l:48|danone_danino:25|dogus_cay_1kg:46|fanta_portakal_1l:70|icim_sut_1l:31|lipton_yellow_label_100:26|pepsi_1l:53|pinar_labne_200g:21|pinar_sut_1l:29|sprite_1l:52|sutas_ayran_200ml:13|sutas_sut_1l:79|sutas_yogurt_1kg:33|torku_sut_1l:35|ulker_potibor:21|uludag_gazoz_250ml:22
2012,9,30,3066652,ariel_toz_4kg:68|barilla_spagetti_500g:32|caykur_rize_turist_500g:40|caykur_tiryaki_1kg:66|coca_cola_1l:37|coca_cola_kutu_330ml:17|coca_cola_zero_1l:35|danone_danino:20|dogus_cay_1kg:54|fanta_portakal_1l:50|icim_sut_1l:34|lipton_yellow_label_100:45|pepsi_1l:41|pinar_labne_200g:32|pinar_sut_1l:35|sprite_1l:47|sutas_ayran_200ml:15|sutas_sut_1l:72|sutas_yogurt_1kg:38|torku_sut_1l:65|ulker_potibor:21|uludag_gazoz_250ml:17
2012,10,31,2697044,ariel_toz_4kg:65|barilla_spagetti_500g:30|caykur_rize_turist_500g:43|caykur_tiryaki_1kg:55|coca_cola_1l:28|coca_cola_kutu_330ml:16|coca_cola_zero_1l:32|danone_danino:21|dogus_cay_1kg:56|fanta_portakal_1l:41|icim_sut_1l:28|lipton_yellow_label_100:38|pepsi_1l:32|pinar_labne_200g:29|pinar_sut_1l:28|sprite_1l:29|sutas_ayran_200ml:16|sutas_sut_1l:85|sutas_yogurt_1kg:30|torku_sut_1l:47|ulker_potibor:20|uludag_gazoz_250ml:22
2012,11,30,1183222,ariel_toz_4kg:24|barilla_spagetti_500g:10|caykur_rize_turist_500g:21|caykur_tiryaki_1kg:24|coca_cola_1l:20|coca_cola_kutu_330ml:8|coca_cola_zero_1l:12|danone_danino:13|dogus_cay_1kg:31|fanta_portakal_1l:16|icim_sut_1l:14|lipton_yellow_label_100:11|pepsi_1l:14|pinar_labne_200g:16|pinar_sut_1l:26|sprite_1l:14|sutas_ayran_200ml:7|sutas_sut_1l:29|sutas_yogurt_1kg:17|torku_sut_1l:14|ulker_potibor:9|uludag_gazoz_250ml:4
2012,12,31,1284264,ariel_toz_4kg:19|barilla_spagetti_500g:13|caykur_rize_turist_500g:37|caykur_tiryaki_1kg:20|coca_cola_1l:11|coca_cola_kutu_330ml:5|coca_cola_zero_1l:11|danone_danino:11|dogus_cay_1kg:37|fanta_portakal_1l:25|icim_sut_1l:14|lipton_yellow_label_100:14|pepsi_1l:9|pinar_labne_200g:13|pinar_sut_1l:12|sprite_1l:12|sutas_ayran_200ml:6|sutas_sut_1l:33|sutas_yogurt_1kg:12|torku_sut_1l:14|ulker_potibor:13|uludag_gazoz_250ml:6
2013,1,31,1252910,ariel_toz_4kg:25|barilla_spagetti_500g:13|caykur_rize_turist_500g:32|caykur_tiryaki_1kg:23|coca_cola_1l:16|coca_cola_kutu_330ml:6|coca_cola_zero_1l:8|danone_danino:13|dogus_cay_1kg:36|fanta_portakal_1l:15|icim_sut_1l:13|lipton_yellow_label_100:10|pepsi_1l:12|pinar_labne_200g:12|pinar_sut_1l:13|sprite_1l:11|sutas_ayran_200ml:6|sutas_sut_1l:30|sutas_yogurt_1kg:30|torku_sut_1l:13|ulker_potibor:10|uludag_gazoz_250ml:5
2013,2,28,1153798,ariel_toz_4kg:30|barilla_spagetti_500g:12|caykur_rize_turist_500g:27|caykur_tiryaki_1kg:20|coca_cola_1l:7|coca_cola_kutu_330ml:10|coca_cola_zero_1l:10|danone_danino:9|dogus_cay_1kg:27|fanta_portakal_1l:13|icim_sut_1l:9|lipton_yellow_label_100:12|pepsi_1l:9|pinar_labne_200g:11|pinar_sut_1l:11|sprite_1l:10|sutas_ayran_200ml:5|sutas_sut_1l:25|sutas_yogurt_1kg:31|torku_sut_1l:10|ulker_potibor:10|uludag_gazoz_250ml:5
2013,3,31,1192824,ariel_toz_4kg:19|barilla_spagetti_500g:10|caykur_rize_turist_500g:12|caykur_tiryaki_1kg:20|coca_cola_1l:19|coca_cola_kutu_330ml:9|coca_cola_zero_1l:13|danone_danino:11|dogus_cay_1kg:28|fanta_portakal_1l:18|icim_sut_1l:13|lipton_yellow_label_100:22|pepsi_1l:11|pinar_labne_200g:14|pinar_sut_1l:12|sprite_1l:13|sutas_ayran_200ml:8|sutas_sut_1l:30|sutas_yogurt_1kg:38|torku_sut_1l:10|ulker_potibor:9|uludag_gazoz_250ml:6
2013,4,30,1090118,ariel_toz_4kg:27|barilla_spagetti_500g:13|caykur_rize_turist_500g:20|caykur_tiryaki_1kg:14|coca_cola_1l:17|coca_cola_kutu_330ml:11|coca_cola_zero_1l:15|danone_danino:12|dogus_cay_1kg:21|fanta_portakal_1l:14|icim_sut_1l:10|lipton_yellow_label_100:9|pepsi_1l:14|pinar_labne_200g:26|pinar_sut_1l:13|sprite_1l:13|sutas_ayran_200ml:8|sutas_sut_1l:24|sutas_yogurt_1kg:18|torku_sut_1l:11|ulker_potibor:10|uludag_gazoz_250ml:5
2013,5,31,1251810,ariel_toz_4kg:20|barilla_spagetti_500g:11|caykur_rize_turist_500g:16|caykur_tiryaki_1kg:16|coca_cola_1l:33|coca_cola_kutu_330ml:6|coca_cola_zero_1l:21|danone_danino:16|dogus_cay_1kg:28|fanta_portakal_1l:12|icim_sut_1l:32|lipton_yellow_label_100:21|pepsi_1l:15|pinar_labne_200g:9|pinar_sut_1l:12|sprite_1l:11|sutas_ayran_200ml:5|sutas_sut_1l:15|sutas_yogurt_1kg:20|torku_sut_1l:14|ulker_potibor:11|uludag_gazoz_250ml:8
2013,6,30,1304992,ariel_toz_4kg:32|barilla_spagetti_500g:11|caykur_rize_turist_500g:19|caykur_tiryaki_1kg:22|coca_cola_1l:28|coca_cola_kutu_330ml:8|coca_cola_zero_1l:25|danone_danino:12|dogus_cay_1kg:21|fanta_portakal_1l:18|icim_sut_1l:15|lipton_yellow_label_100:11|pepsi_1l:17|pinar_labne_200g:14|pinar_sut_1l:9|sprite_1l:17|sutas_ayran_200ml:8|sutas_sut_1l:30|sutas_yogurt_1kg:38|torku_sut_1l:11|ulker_potibor:10|uludag_gazoz_250ml:9
2013,7,31,1193336,ariel_toz_4kg:29|barilla_spagetti_500g:10|caykur_rize_turist_500g:10|caykur_tiryaki_1kg:11|coca_cola_1l:16|coca_cola_kutu_330ml:14|coca_cola_zero_1l:18|danone_danino:13|dogus_cay_1kg:17|fanta_portakal_1l:18|icim_sut_1l:18|lipton_yellow_label_100:18|pepsi_1l:16|pinar_labne_200g:11|pinar_sut_1l:31|sprite_1l:18|sutas_ayran_200ml:7|sutas_sut_1l:22|sutas_yogurt_1kg:15|torku_sut_1l:13|ulker_potibor:9|uludag_gazoz_250ml:10
2013,8,31,1332044,ariel_toz_4kg:27|barilla_spagetti_500g:10|caykur_rize_turist_500g:17|caykur_tiryaki_1kg:18|coca_cola_1l:33|coca_cola_kutu_330ml:9|coca_cola_zero_1l:26|danone_danino:11|dogus_cay_1kg:25|fanta_portakal_1l:16|icim_sut_1l:15|lipton_yellow_label_100:14|pepsi_1l:24|pinar_labne_200g:12|pinar_sut_1l:17|sprite_1l:17|sutas_ayran_200ml:7|sutas_sut_1l:26|sutas_yogurt_1kg:34|torku_sut_1l:12|ulker_potibor:9|uludag_gazoz_250ml:8
2013,9,30,1220878,ariel_toz_4kg:24|barilla_spagetti_500g:9|caykur_rize_turist_500g:12|caykur_tiryaki_1kg:43|coca_cola_1l:10|coca_cola_kutu_330ml:12|coca_cola_zero_1l:11|danone_danino:15|dogus_cay_1kg:20|fanta_portakal_1l:11|icim_sut_1l:22|lipton_yellow_label_100:17|pepsi_1l:12|pinar_labne_200g:10|pinar_sut_1l:26|sprite_1l:9|sutas_ayran_200ml:5|sutas_sut_1l:9|sutas_yogurt_1kg:13|torku_sut_1l:11|ulker_potibor:10|uludag_gazoz_250ml:7
2013,10,31,1324062,ariel_toz_4kg:26|barilla_spagetti_500g:12|caykur_rize_turist_500g:15|caykur_tiryaki_1kg:27|coca_cola_1l:17|coca_cola_kutu_330ml:14|coca_cola_zero_1l:13|danone_danino:13|dogus_cay_1kg:23|fanta_portakal_1l:12|icim_sut_1l:21|lipton_yellow_label_100:21|pepsi_1l:14|pinar_labne_200g:14|pinar_sut_1l:25|sprite_1l:14|sutas_ayran_200ml:7|sutas_sut_1l:15|sutas_yogurt_1kg:23|torku_sut_1l:12|ulker_potibor:12|uludag_gazoz_250ml:6
2013,11,30,1401406,ariel_toz_4kg:20|barilla_spagetti_500g:13|caykur_rize_turist_500g:14|caykur_tiryaki_1kg:45|coca_cola_1l:25|coca_cola_kutu_330ml:6|coca_cola_zero_1l:14|danone_danino:14|dogus_cay_1kg:21|fanta_portakal_1l:12|icim_sut_1l:26|lipton_yellow_label_100:20|pepsi_1l:14|pinar_labne_200g:10|pinar_sut_1l:33|sprite_1l:11|sutas_ayran_200ml:7|sutas_sut_1l:13|sutas_yogurt_1kg:26|torku_sut_1l:14|ulker_potibor:13|uludag_gazoz_250ml:15
2013,12,31,1410710,ariel_toz_4kg:27|barilla_spagetti_500g:11|caykur_rize_turist_500g:19|caykur_tiryaki_1kg:24|coca_cola_1l:20|coca_cola_kutu_330ml:6|coca_cola_zero_1l:15|danone_danino:13|dogus_cay_1kg:29|fanta_portakal_1l:8|icim_sut_1l:18|lipton_yellow_label_100:30|pepsi_1l:7|pinar_labne_200g:11|pinar_sut_1l:37|sprite_1l:11|sutas_ayran_200ml:5|sutas_sut_1l:12|sutas_yogurt_1kg:16|torku_sut_1l:15|ulker_potibor:13|uludag_gazoz_250ml:5
2014,1,31,1263754,ariel_toz_4kg:19|barilla_spagetti_500g:13|caykur_rize_turist_500g:11|caykur_tiryaki_1kg:48|coca_cola_1l:11|coca_cola_kutu_330ml:5|coca_cola_zero_1l:15|danone_danino:9|dogus_cay_1kg:19|fanta_portakal_1l:8|icim_sut_1l:12|lipton_yellow_label_100:19|pepsi_1l:7|pinar_labne_200g:10|pinar_sut_1l:31|sprite_1l:8|sutas_ayran_200ml:6|sutas_sut_1l:11|sutas_yogurt_1kg:19|torku_sut_1l:15|ulker_potibor:11|uludag_gazoz_250ml:9
2014,2,28,1170636,ariel_toz_4kg:21|barilla_spagetti_500g:16|caykur_rize_turist_500g:10|caykur_tiryaki_1kg:25|coca_cola_1l:11|coca_cola_kutu_330ml:4|coca_cola_zero_1l:8|danone_danino:11|dogus_cay_1kg:22|fanta_portakal_1l:10|icim_sut_1l:15|lipton_yellow_label_100:24|pepsi_1l:9|pinar_labne_200g:10|pinar_sut_1l:30|sprite_1l:7|sutas_ayran_200ml:6|sutas_sut_1l:11|sutas_yogurt_1kg:13|torku_sut_1l:11|ulker_potibor:10|uludag_gazoz_250ml:11
2014,3,31,1273822,ariel_toz_4kg:25|barilla_spagetti_500g:12|caykur_rize_turist_500g:12|caykur_tiryaki_1kg:39|coca_cola_1l:10|coca_cola_kutu_330ml:13|coca_cola_zero_1l:14|danone_danino:12|dogus_cay_1kg:20|fanta_portakal_1l:11|icim_sut_1l:17|lipton_yellow_label_100:15|pepsi_1l:11|pinar_labne_200g:12|pinar_sut_1l:20|sprite_1l:9|sutas_ayran_200ml:9|sutas_sut_1l:11|sutas_yogurt_1kg:33|torku_sut_1l:11|ulker_potibor:10|uludag_gazoz_250ml:9
2014,4,30,1288042,ariel_toz_4kg:30|barilla_spagetti_500g:12|caykur_rize_turist_500g:13|caykur_tiryaki_1kg:37|coca_cola_1l:14|coca_cola_kutu_330ml:13|coca_cola_zero_1l:12|danone_danino:9|dogus_cay_1kg:14|fanta_portakal_1l:13|icim_sut_1l:12|lipton_yellow_label_100:17|pepsi_1l:11|pinar_labne_200g:8|pinar_sut_1l:33|sprite_1l:7|sutas_ayran_200ml:6|sutas_sut_1l:10|sutas_yogurt_1kg:20|torku_sut_1l:16|ulker_potibor:10|uludag_gazoz_250ml:7
2014,5,31,1262414,ariel_toz_4kg:35|barilla_spagetti_500g:12|caykur_rize_turist_500g:9|caykur_tiryaki_1kg:34|coca_cola_1l:17|coca_cola_kutu_330ml:6|coca_cola_zero_1l:11|danone_danino:13|dogus_cay_1kg:15|fanta_portakal_1l:12|icim_sut_1l:10|lipton_yellow_label_100:15|pepsi_1l:8|pinar_labne_200g:12|pinar_sut_1l:17|sprite_1l:9|sutas_ayran_200ml:4|sutas_sut_1l:35|sutas_yogurt_1kg:17|torku_sut_1l:11|ulker_potibor:8|uludag_gazoz_250ml:12
2014,6,29,1081220,ariel_toz_4kg:11|barilla_spagetti_500g:12|caykur_rize_turist_500g:6|caykur_tiryaki_1kg:33|coca_cola_1l:13|coca_cola_kutu_330ml:15|coca_cola_zero_1l:13|danone_danino:11|dogus_cay_1kg:21|fanta_portakal_1l:14|icim_sut_1l:18|lipton_yellow_label_100:9|pepsi_1l:13|pinar_labne_200g:9|pinar_sut_1l:28|sprite_1l:11|sutas_ayran_200ml:8|sutas_sut_1l:13|sutas_yogurt_1kg:17|torku_sut_1l:12|ulker_potibor:9|uludag_gazoz_250ml:9
2014,7,31,1448130,ariel_toz_4kg:18|barilla_spagetti_500g:11|caykur_rize_turist_500g:9|caykur_tiryaki_1kg:49|coca_cola_1l:27|coca_cola_kutu_330ml:8|coca_cola_zero_1l:17|danone_danino:13|dogus_cay_1kg:17|fanta_portakal_1l:16|icim_sut_1l:15|lipton_yellow_label_100:14|pepsi_1l:12|pinar_labne_200g:16|pinar_sut_1l:19|sprite_1l:17|sutas_ayran_200ml:8|sutas_sut_1l:40|sutas_yogurt_1kg:20|torku_sut_1l:17|ulker_potibor:7|uludag_gazoz_250ml:17
2014,8,30,1123318,ariel_toz_4kg:10|barilla_spagetti_500g:9|caykur_rize_turist_500g:5|caykur_tiryaki_1kg:28|coca_cola_1l:28|coca_cola_kutu_330ml:10|coca_cola_zero_1l:16|danone_danino:11|dogus_cay_1kg:12|fanta_portakal_1l:13|icim_sut_1l:15|lipton_yellow_label_100:15|pepsi_1l:17|pinar_labne_200g:19|pinar_sut_1l:22|sprite_1l:14|sutas_ayran_200ml:7|sutas_sut_1l:16|sutas_yogurt_1kg:19|torku_sut_1l:12|ulker_potibor:10|uludag_gazoz_250ml:16
2014,9,30,1331374,ariel_toz_4kg:24|barilla_spagetti_500g:12|caykur_rize_turist_500g:17|caykur_tiryaki_1kg:26|coca_cola_1l:16|coca_cola_kutu_330ml:11|coca_cola_zero_1l:13|danone_danino:9|dogus_cay_1kg:32|fanta_portakal_1l:13|icim_sut_1l:10|lipton_yellow_label_100:12|pepsi_1l:13|pinar_labne_200g:10|pinar_sut_1l:23|sprite_1l:10|sutas_ayran_200ml:5|sutas_sut_1l:25|sutas_yogurt_1kg:16|torku_sut_1l:12|ulker_potibor:8|uludag_gazoz_250ml:9
2014,10,31,1487914,ariel_toz_4kg:34|barilla_spagetti_500g:9|caykur_rize_turist_500g:16|caykur_tiryaki_1kg:39|coca_cola_1l:17|coca_cola_kutu_330ml:9|coca_cola_zero_1l:15|danone_danino:11|dogus_cay_1kg:27|fanta_portakal_1l:12|icim_sut_1l:13|lipton_yellow_label_100:16|pepsi_1l:11|pinar_labne_200g:13|pinar_sut_1l:16|sprite_1l:8|sutas_ayran_200ml:9|sutas_sut_1l:38|sutas_yogurt_1kg:20|torku_sut_1l:13|ulker_potibor:11|uludag_gazoz_250ml:12
2014,11,30,1416428,ariel_toz_4kg:23|barilla_spagetti_500g:11|caykur_rize_turist_500g:25|caykur_tiryaki_1kg:21|coca_cola_1l:12|coca_cola_kutu_330ml:12|coca_cola_zero_1l:11|danone_danino:11|dogus_cay_1kg:31|fanta_portakal_1l:17|icim_sut_1l:12|lipton_yellow_label_100:13|pepsi_1l:13|pinar_labne_200g:12|pinar_sut_1l:16|sprite_1l:13|sutas_ayran_200ml:7|sutas_sut_1l:40|sutas_yogurt_1kg:22|torku_sut_1l:14|ulker_potibor:10|uludag_gazoz_250ml:6
2014,12,31,1505038,ariel_toz_4kg:28|barilla_spagetti_500g:17|caykur_rize_turist_500g:8|caykur_tiryaki_1kg:54|coca_cola_1l:9|coca_cola_kutu_330ml:12|coca_cola_zero_1l:6|danone_danino:11|dogus_cay_1kg:24|fanta_portakal_1l:8|icim_sut_1l:15|lipton_yellow_label_100:18|pepsi_1l:9|pinar_labne_200g:11|pinar_sut_1l:17|sprite_1l:9|sutas_ayran_200ml:7|sutas_sut_1l:42|sutas_yogurt_1kg:21|torku_sut_1l:9|ulker_potibor:9|uludag_gazoz_250ml:8
2015,1,31,1319862,ariel_toz_4kg:14|barilla_spagetti_500g:10|caykur_rize_turist_500g:16|caykur_tiryaki_1kg:29|coca_cola_1l:6|coca_cola_kutu_330ml:5|coca_cola_zero_1l:7|danone_danino:13|dogus_cay_1kg:45|fanta_portakal_1l:22|icim_sut_1l:10|lipton_yellow_label_100:14|pepsi_1l:8|pinar_labne_200g:8|pinar_sut_1l:11|sprite_1l:12|sutas_ayran_200ml:6|sutas_sut_1l:35|sutas_yogurt_1kg:19|torku_sut_1l:9|ulker_potibor:9|uludag_gazoz_250ml:4
2015,2,28,1239628,ariel_toz_4kg:19|barilla_spagetti_500g:12|caykur_rize_turist_500g:14|caykur_tiryaki_1kg:21|coca_cola_1l:7|coca_cola_kutu_330ml:10|coca_cola_zero_1l:7|danone_danino:10|dogus_cay_1kg:43|fanta_portakal_1l:7|icim_sut_1l:9|lipton_yellow_label_100:12|pepsi_1l:6|pinar_labne_200g:7|pinar_sut_1l:12|sprite_1l:6|sutas_ayran_200ml:5|sutas_sut_1l:32|sutas_yogurt_1kg:22|torku_sut_1l:11|ulker_potibor:9|uludag_gazoz_250ml:5
2015,3,31,1247932,ariel_toz_4kg:25|barilla_spagetti_500g:12|caykur_rize_turist_500g:10|caykur_tiryaki_1kg:18|coca_cola_1l:9|coca_cola_kutu_330ml:7|coca_cola_zero_1l:7|danone_danino:10|dogus_cay_1kg:37|fanta_portakal_1l:31|icim_sut_1l:11|lipton_yellow_label_100:7|pepsi_1l:10|pinar_labne_200g:13|pinar_sut_1l:14|sprite_1l:12|sutas_ayran_200ml:6|sutas_sut_1l:36|sutas_yogurt_1kg:19|torku_sut_1l:12|ulker_potibor:11|uludag_gazoz_250ml:5
2015,4,30,1187392,ariel_toz_4kg:22|barilla_spagetti_500g:12|caykur_rize_turist_500g:20|caykur_tiryaki_1kg:16|coca_cola_1l:11|coca_cola_kutu_330ml:5|coca_cola_zero_1l:11|danone_danino:9|dogus_cay_1kg:27|fanta_portakal_1l:12|icim_sut_1l:10|lipton_yellow_label_100:9|pepsi_1l:9|pinar_labne_200g:16|pinar_sut_1l:10|sprite_1l:12|sutas_ayran_200ml:6|sutas_sut_1l:29|sutas_yogurt_1kg:15|torku_sut_1l:8|ulker_potibor:8|uludag_gazoz_250ml:15
2015,5,31,1248760,ariel_toz_4kg:18|barilla_spagetti_500g:8|caykur_rize_turist_500g:21|caykur_tiryaki_1kg:15|coca_cola_1l:20|coca_cola_kutu_330ml:4|coca_cola_zero_1l:13|danone_danino:12|dogus_cay_1kg:35|fanta_portakal_1l:11|icim_sut_1l:11|lipton_yellow_label_100:9|pepsi_1l:10|pinar_labne_200g:14|pinar_sut_1l:12|sprite_1l:10|sutas_ayran_200ml:11|sutas_sut_1l:33|sutas_yogurt_1kg:21|torku_sut_1l:10|ulker_potibor:9|uludag_gazoz_250ml:6
2015,6,30,1300110,ariel_toz_4kg:19|barilla_spagetti_500g:12|caykur_rize_turist_500g:14|caykur_tiryaki_1kg:12|coca_cola_1l:13|coca_cola_kutu_330ml:8|coca_cola_zero_1l:15|danone_danino:9|dogus_cay_1kg:29|fanta_portakal_1l:36|icim_sut_1l:14|lipton_yellow_label_100:11|pepsi_1l:12|pinar_labne_200g:16|pinar_sut_1l:14|sprite_1l:19|sutas_ayran_200ml:7|sutas_sut_1l:32|sutas_yogurt_1kg:19|torku_sut_1l:12|ulker_potibor:11|uludag_gazoz_250ml:7
2015,7,31,1123002,ariel_toz_4kg:12|barilla_spagetti_500g:5|caykur_rize_turist_500g:10|caykur_tiryaki_1kg:12|coca_cola_1l:17|coca_cola_kutu_330ml:5|coca_cola_zero_1l:14|danone_danino:10|dogus_cay_1kg:32|fanta_portakal_1l:18|icim_sut_1l:11|lipton_yellow_label_100:8|pepsi_1l:13|pinar_labne_200g:11|pinar_sut_1l:11|sprite_1l:14|sutas_ayran_200ml:7|sutas_sut_1l:19|sutas_yogurt_1kg:15|torku_sut_1l:26|ulker_potibor:9|uludag_gazoz_250ml:14
2015,8,31,1308896,ariel_toz_4kg:16|barilla_spagetti_500g:8|caykur_rize_turist_500g:13|caykur_tiryaki_1kg:16|coca_cola_1l:35|coca_cola_kutu_330ml:5|coca_cola_zero_1l:22|danone_danino:8|dogus_cay_1kg:31|fanta_portakal_1l:15|icim_sut_1l:11|lipton_yellow_label_100:7|pepsi_1l:14|pinar_labne_200g:12|pinar_sut_1l:15|sprite_1l:12|sutas_ayran_200ml:7|sutas_sut_1l:34|sutas_yogurt_1kg:18|torku_sut_1l:16|ulker_potibor:10|uludag_gazoz_250ml:8
2015,9,29,1151360,ariel_toz_4kg:15|barilla_spagetti_500g:7|caykur_rize_turist_500g:11|caykur_tiryaki_1kg:13|coca_cola_1l:17|coca_cola_kutu_330ml:7|coca_cola_zero_1l:12|danone_danino:10|dogus_cay_1kg:40|fanta_portakal_1l:10|icim_sut_1l:11|lipton_yellow_label_100:8|pepsi_1l:10|pinar_labne_200g:7|pinar_sut_1l:24|sprite_1l:10|sutas_ayran_200ml:5|sutas_sut_1l:13|sutas_yogurt_1kg:15|torku_sut_1l:9|ulker_potibor:8|uludag_gazoz_250ml:10
2015,10,31,1492182,ariel_toz_4kg:31|barilla_spagetti_500g:9|caykur_rize_turist_500g:14|caykur_tiryaki_1kg:16|coca_cola_1l:11|coca_cola_kutu_330ml:14|coca_cola_zero_1l:12|danone_danino:12|dogus_cay_1kg:48|fanta_portakal_1l:10|icim_sut_1l:13|lipton_yellow_label_100:11|pepsi_1l:12|pinar_labne_200g:12|pinar_sut_1l:30|sprite_1l:8|sutas_ayran_200ml:6|sutas_sut_1l:16|sutas_yogurt_1kg:17|torku_sut_1l:17|ulker_potibor:11|uludag_gazoz_250ml:9
2015,11,30,1359432,ariel_toz_4kg:18|barilla_spagetti_500g:12|caykur_rize_turist_500g:21|caykur_tiryaki_1kg:17|coca_cola_1l:9|coca_cola_kutu_330ml:6|coca_cola_zero_1l:11|danone_danino:13|dogus_cay_1kg:29|fanta_portakal_1l:27|icim_sut_1l:12|lipton_yellow_label_100:10|pepsi_1l:13|pinar_labne_200g:12|pinar_sut_1l:38|sprite_1l:12|sutas_ayran_200ml:9|sutas_sut_1l:9|sutas_yogurt_1kg:17|torku_sut_1l:21|ulker_potibor:8|uludag_gazoz_250ml:6
2015,12,30,1415488,ariel_toz_4kg:18|barilla_spagetti_500g:13|caykur_rize_turist_500g:14|caykur_tiryaki_1kg:14|coca_cola_1l:7|coca_cola_kutu_330ml:4|coca_cola_zero_1l:7|danone_danino:11|dogus_cay_1kg:56|fanta_portakal_1l:15|icim_sut_1l:11|lipton_yellow_label_100:13|pepsi_1l:9|pinar_labne_200g:10|pinar_sut_1l:30|sprite_1l:7|sutas_ayran_200ml:11|sutas_sut_1l:11|sutas_yogurt_1kg:16|torku_sut_1l:14|ulker_potibor:9|uludag_gazoz_250ml:11
2016,1,30,1242506,ariel_toz_4kg:12|barilla_spagetti_500g:11|caykur_rize_turist_500g:12|caykur_tiryaki_1kg:20|coca_cola_1l:7|coca_cola_kutu_330ml:5|coca_cola_zero_1l:10|danone_danino:10|dogus_cay_1kg:49|fanta_portakal_1l:12|icim_sut_1l:10|lipton_yellow_label_100:8|pepsi_1l:8|pinar_labne_200g:8|pinar_sut_1l:17|sprite_1l:7|sutas_ayran_200ml:6|sutas_sut_1l:23|sutas_yogurt_1kg:18|torku_sut_1l:10|ulker_potibor:10|uludag_gazoz_250ml:10
2016,2,29,1408644,ariel_toz_4kg:21|barilla_spagetti_500g:12|caykur_rize_turist_500g:23|caykur_tiryaki_1kg:22|coca_cola_1l:6|coca_cola_kutu_330ml:4|coca_cola_zero_1l:6|danone_danino:15|dogus_cay_1kg:36|fanta_portakal_1l:26|icim_sut_1l:24|lipton_yellow_label_100:10|pepsi_1l:6|pinar_labne_200g:8|pinar_sut_1l:25|sprite_1l:10|sutas_ayran_200ml:3|sutas_sut_1l:9|sutas_yogurt_1kg:17|torku_sut_1l:12|ulker_potibor:8|uludag_gazoz_250ml:3
2016,3,31,1251134,ariel_toz_4kg:18|barilla_spagetti_500g:9|caykur_rize_turist_500g:10|caykur_tiryaki_1kg:15|coca_cola_1l:5|coca_cola_kutu_330ml:4|coca_cola_zero_1l:10|danone_danino:9|dogus_cay_1kg:40|fanta_portakal_1l:19|icim_sut_1l:8|lipton_yellow_label_100:10|pepsi_1l:10|pinar_labne_200g:11|pinar_sut_1l:14|sprite_1l:10|sutas_ayran_200ml:5|sutas_sut_1l:8|sutas_yogurt_1kg:24|torku_sut_1l:19|ulker_potibor:7|uludag_gazoz_250ml:13
2016,4,30,1408632,ariel_toz_4kg:19|barilla_spagetti_500g:14|caykur_rize_turist_500g:19|caykur_tiryaki_1kg:17|coca_cola_1l:9|coca_cola_kutu_330ml:4|coca_cola_zero_1l:9|danone_danino:10|dogus_cay_1kg:29|fanta_portakal_1l:26|icim_sut_1l:13|lipton_yellow_label_100:11|pepsi_1l:11|pinar_labne_200g:10|pinar_sut_1l:13|sprite_1l:14|sutas_ayran_200ml:5|sutas_sut_1l:34|sutas_yogurt_1kg:22|torku_sut_1l:12|ulker_potibor:8|uludag_gazoz_250ml:4
2016,5,30,1121076,ariel_toz_4kg:13|barilla_spagetti_500g:11|caykur_rize_turist_500g:10|caykur_tiryaki_1kg:11|coca_cola_1l:13|coca_cola_kutu_330ml:4|coca_cola_zero_1l:12|danone_danino:8|dogus_cay_1kg:30|fanta_portakal_1l:10|icim_sut_1l:7|lipton_yellow_label_100:8|pepsi_1l:10|pinar_labne_200g:12|pinar_sut_1l:11|sprite_1l:7|sutas_ayran_200ml:7|sutas_sut_1l:15|sutas_yogurt_1kg:29|torku_sut_1l:14|ulker_potibor:5|uludag_gazoz_250ml:14
2016,6,30,1209738,ariel_toz_4kg:17|barilla_spagetti_500g:9|caykur_rize_turist_500g:8|caykur_tiryaki_1kg:14|coca_cola_1l:19|coca_cola_kutu_330ml:4|coca_cola_zero_1l:12|danone_danino:10|dogus_cay_1kg:33|fanta_portakal_1l:13|icim_sut_1l:9|lipton_yellow_label_100:6|pepsi_1l:14|pinar_labne_200g:17|pinar_sut_1l:10|sprite_1l:8|sutas_ayran_200ml:6|sutas_sut_1l:17|sutas_yogurt_1kg:29|torku_sut_1l:12|ulker_potibor:3|uludag_gazoz_250ml:12
2016,7,31,1164918,ariel_toz_4kg:9|barilla_spagetti_500g:10|caykur_rize_turist_500g:14|caykur_tiryaki_1kg:12|coca_cola_1l:26|coca_cola_kutu_330ml:10|coca_cola_zero_1l:15|danone_danino:8|dogus_cay_1kg:29|fanta_portakal_1l:9|icim_sut_1l:10|lipton_yellow_label_100:7|pepsi_1l:9|pinar_labne_200g:14|pinar_sut_1l:10|sprite_1l:11|sutas_ayran_200ml:12|sutas_sut_1l:15|sutas_yogurt_1kg:27|torku_sut_1l:9|ulker_potibor:5|uludag_gazoz_250ml:6
2016,8,30,756144,ariel_toz_4kg:1|barilla_spagetti_500g:4|caykur_rize_turist_500g:10|caykur_tiryaki_1kg:8|coca_cola_1l:27|coca_cola_kutu_330ml:4|coca_cola_zero_1l:17|danone_danino:11|dogus_cay_1kg:2|fanta_portakal_1l:12|icim_sut_1l:9|lipton_yellow_label_100:1|pepsi_1l:12|pinar_labne_200g:15|pinar_sut_1l:13|sprite_1l:7|sutas_ayran_200ml:11|sutas_sut_1l:13|sutas_yogurt_1kg:28|torku_sut_1l:9|ulker_potibor:4|uludag_gazoz_250ml:5
2016,9,20,391002,barilla_spagetti_500g:3|caykur_rize_turist_500g:5|caykur_tiryaki_1kg:5|coca_cola_1l:9|coca_cola_kutu_330ml:4|coca_cola_zero_1l:6|danone_danino:7|fanta_portakal_1l:3|icim_sut_1l:10|pepsi_1l:4|pinar_labne_200g:7|pinar_sut_1l:16|sprite_1l:3|sutas_ayran_200ml:5|sutas_sut_1l:7|sutas_yogurt_1kg:13|torku_sut_1l:7|ulker_potibor:2|uludag_gazoz_250ml:2
2016,11,3,877506,ariel_toz_4kg:24|barilla_spagetti_500g:2|caykur_rize_turist_500g:7|caykur_tiryaki_1kg:16|coca_cola_1l:7|coca_cola_kutu_330ml:2|coca_cola_zero_1l:7|danone_danino:2|dogus_cay_1kg:8|fanta_portakal_1l:8|icim_sut_1l:8|lipton_yellow_label_100:7|pepsi_1l:7|pinar_labne_200g:2|pinar_sut_1l:9|sprite_1l:7|sutas_ayran_200ml:2|sutas_sut_1l:9|sutas_yogurt_1kg:2|torku_sut_1l:16|ulker_potibor:2|uludag_gazoz_250ml:2
2016,12,31,1304214,ariel_toz_4kg:10|barilla_spagetti_500g:8|caykur_rize_turist_500g:8|caykur_tiryaki_1kg:20|coca_cola_1l:5|coca_cola_kutu_330ml:4|coca_cola_zero_1l:7|danone_danino:10|dogus_cay_1kg:43|fanta_portakal_1l:6|icim_sut_1l:11|lipton_yellow_label_100:11|pepsi_1l:8|pinar_labne_200g:9|pinar_sut_1l:33|sprite_1l:6|sutas_ayran_200ml:4|sutas_sut_1l:6|sutas_yogurt_1kg:21|torku_sut_1l:9|ulker_potibor:5|uludag_gazoz_250ml:10
2017,1,30,1548486,ariel_toz_4kg:14|barilla_spagetti_500g:10|caykur_rize_turist_500g:9|caykur_tiryaki_1kg:22|coca_cola_1l:13|coca_cola_kutu_330ml:8|coca_cola_zero_1l:10|danone_danino:11|dogus_cay_1kg:53|fanta_portakal_1l:5|icim_sut_1l:22|lipton_yellow_label_100:11|pepsi_1l:5|pinar_labne_200g:10|pinar_sut_1l:31|sprite_1l:6|sutas_ayran_200ml:7|sutas_sut_1l:7|sutas_yogurt_1kg:18|torku_sut_1l:11|ulker_potibor:6|uludag_gazoz_250ml:3
2017,2,28,1341140,ariel_toz_4kg:11|barilla_spagetti_500g:8|caykur_rize_turist_500g:10|caykur_tiryaki_1kg:18|coca_cola_1l:3|coca_cola_kutu_330ml:3|coca_cola_zero_1l:4|danone_danino:9|dogus_cay_1kg:51|fanta_portakal_1l:6|icim_sut_1l:9|lipton_yellow_label_100:8|pepsi_1l:7|pinar_labne_200g:10|pinar_sut_1l:28|sprite_1l:5|sutas_ayran_200ml:10|sutas_sut_1l:7|sutas_yogurt_1kg:16|torku_sut_1l:14|ulker_potibor:7|uludag_gazoz_250ml:9
2017,3,31,1453750,ariel_toz_4kg:25|barilla_spagetti_500g:9|caykur_rize_turist_500g:8|caykur_tiryaki_1kg:19|coca_cola_1l:6|coca_cola_kutu_330ml:4|coca_cola_zero_1l:7|danone_danino:9|dogus_cay_1kg:42|fanta_portakal_1l:12|icim_sut_1l:15|lipton_yellow_label_100:7|pepsi_1l:8|pinar_labne_200g:9|pinar_sut_1l:32|sprite_1l:7|sutas_ayran_200ml:6|sutas_sut_1l:6|sutas_yogurt_1kg:16|torku_sut_1l:13|ulker_potibor:6|uludag_gazoz_250ml:13
2017,4,30,1671416,ariel_toz_4kg:29|barilla_spagetti_500g:7|caykur_rize_turist_500g:9|caykur_tiryaki_1kg:22|coca_cola_1l:7|coca_cola_kutu_330ml:5|coca_cola_zero_1l:9|danone_danino:13|dogus_cay_1kg:42|fanta_portakal_1l:18|icim_sut_1l:19|lipton_yellow_label_100:8|pepsi_1l:12|pinar_labne_200g:12|pinar_sut_1l:28|sprite_1l:15|sutas_ayran_200ml:6|sutas_sut_1l:8|sutas_yogurt_1kg:19|torku_sut_1l:10|ulker_potibor:9|uludag_gazoz_250ml:15
2017,5,31,1079744,ariel_toz_4kg:16|barilla_spagetti_500g:12|caykur_rize_turist_500g:6|caykur_tiryaki_1kg:19|coca_cola_1l:7|coca_cola_kutu_330ml:5|coca_cola_zero_1l:5|danone_danino:6|dogus_cay_1kg:20|fanta_portakal_1l:7|icim_sut_1l:8|lipton_yellow_label_100:5|pepsi_1l:9|pinar_labne_200g:7|pinar_sut_1l:7|sprite_1l:5|sutas_ayran_200ml:5|sutas_sut_1l:21|sutas_yogurt_1kg:17|torku_sut_1l:13|ulker_potibor:7|uludag_gazoz_250ml:11
2017,6,30,1311016,ariel_toz_4kg:18|barilla_spagetti_500g:8|caykur_rize_turist_500g:6|caykur_tiryaki_1kg:11|coca_cola_1l:7|coca_cola_kutu_330ml:9|coca_cola_zero_1l:9|danone_danino:9|dogus_cay_1kg:35|fanta_portakal_1l:11|icim_sut_1l:11|lipton_yellow_label_100:6|pepsi_1l:8|pinar_labne_200g:9|pinar_sut_1l:20|sprite_1l:8|sutas_ayran_200ml:10|sutas_sut_1l:28|sutas_yogurt_1kg:17|torku_sut_1l:11|ulker_potibor:8|uludag_gazoz_250ml:14
2017,7,31,1604758,ariel_toz_4kg:20|barilla_spagetti_500g:9|caykur_rize_turist_500g:9|caykur_tiryaki_1kg:19|coca_cola_1l:9|coca_cola_kutu_330ml:7|coca_cola_zero_1l:11|danone_danino:10|dogus_cay_1kg:39|fanta_portakal_1l:22|icim_sut_1l:12|lipton_yellow_label_100:10|pepsi_1l:14|pinar_labne_200g:11|pinar_sut_1l:13|sprite_1l:17|sutas_ayran_200ml:6|sutas_sut_1l:11|sutas_yogurt_1kg:18|torku_sut_1l:27|ulker_potibor:8|uludag_gazoz_250ml:17
2017,8,31,1369994,ariel_toz_4kg:19|barilla_spagetti_500g:9|caykur_rize_turist_500g:5|caykur_tiryaki_1kg:14|coca_cola_1l:19|coca_cola_kutu_330ml:5|coca_cola_zero_1l:11|danone_danino:7|dogus_cay_1kg:32|fanta_portakal_1l:14|icim_sut_1l:8|lipton_yellow_label_100:7|pepsi_1l:11|pinar_labne_200g:13|pinar_sut_1l:15|sprite_1l:10|sutas_ayran_200ml:13|sutas_sut_1l:17|sutas_yogurt_1kg:14|torku_sut_1l:16|ulker_potibor:9|uludag_gazoz_250ml:15
2017,9,30,1653610,ariel_toz_4kg:20|barilla_spagetti_500g:12|caykur_rize_turist_500g:7|caykur_tiryaki_1kg:25|coca_cola_1l:7|coca_cola_kutu_330ml:6|coca_cola_zero_1l:8|danone_danino:10|dogus_cay_1kg:44|fanta_portakal_1l:16|icim_sut_1l:12|lipton_yellow_label_100:7|pepsi_1l:8|pinar_labne_200g:11|pinar_sut_1l:10|sprite_1l:9|sutas_ayran_200ml:9|sutas_sut_1l:33|sutas_yogurt_1kg:16|torku_sut_1l:14|ulker_potibor:8|uludag_gazoz_250ml:16
2017,10,31,1677536,ariel_toz_4kg:12|barilla_spagetti_500g:10|caykur_rize_turist_500g:11|caykur_tiryaki_1kg:24|coca_cola_1l:11|coca_cola_kutu_330ml:7|coca_cola_zero_1l:7|danone_danino:8|dogus_cay_1kg:47|fanta_portakal_1l:11|icim_sut_1l:11|lipton_yellow_label_100:10|pepsi_1l:8|pinar_labne_200g:11|pinar_sut_1l:17|sprite_1l:13|sutas_ayran_200ml:8|sutas_sut_1l:30|sutas_yogurt_1kg:20|torku_sut_1l:12|ulker_potibor:10|uludag_gazoz_250ml:14
2017,11,30,1658098,ariel_toz_4kg:19|barilla_spagetti_500g:9|caykur_rize_turist_500g:6|caykur_tiryaki_1kg:20|coca_cola_1l:18|coca_cola_kutu_330ml:4|coca_cola_zero_1l:13|danone_danino:11|dogus_cay_1kg:41|fanta_portakal_1l:10|icim_sut_1l:9|lipton_yellow_label_100:10|pepsi_1l:13|pinar_labne_200g:12|pinar_sut_1l:14|sprite_1l:9|sutas_ayran_200ml:8|sutas_sut_1l:19|sutas_yogurt_1kg:15|torku_sut_1l:33|ulker_potibor:7|uludag_gazoz_250ml:7
2017,12,31,1937042,ariel_toz_4kg:16|barilla_spagetti_500g:14|caykur_rize_turist_500g:11|caykur_tiryaki_1kg:29|coca_cola_1l:17|coca_cola_kutu_330ml:5|coca_cola_zero_1l:10|danone_danino:10|dogus_cay_1kg:62|fanta_portakal_1l:7|icim_sut_1l:9|lipton_yellow_label_100:13|pepsi_1l:7|pinar_labne_200g:11|pinar_sut_1l:10|sprite_1l:6|sutas_ayran_200ml:14|sutas_sut_1l:21|sutas_yogurt_1kg:21|torku_sut_1l:15|ulker_potibor:12|uludag_gazoz_250ml:11
2018,1,31,1654900,ariel_toz_4kg:18|barilla_spagetti_500g:15|caykur_rize_turist_500g:8|caykur_tiryaki_1kg:21|coca_cola_1l:5|coca_cola_kutu_330ml:5|coca_cola_zero_1l:5|danone_danino:10|dogus_cay_1kg:52|fanta_portakal_1l:6|icim_sut_1l:9|lipton_yellow_label_100:14|pepsi_1l:5|pinar_labne_200g:9|pinar_sut_1l:7|sprite_1l:6|sutas_ayran_200ml:8|sutas_sut_1l:25|sutas_yogurt_1kg:15|torku_sut_1l:11|ulker_potibor:11|uludag_gazoz_250ml:12
2018,2,28,1685272,ariel_toz_4kg:22|barilla_spagetti_500g:10|caykur_rize_turist_500g:9|caykur_tiryaki_1kg:26|coca_cola_1l:7|coca_cola_kutu_330ml:4|coca_cola_zero_1l:6|danone_danino:12|dogus_cay_1kg:46|fanta_portakal_1l:19|icim_sut_1l:31|lipton_yellow_label_100:8|pepsi_1l:6|pinar_labne_200g:9|pinar_sut_1l:11|sprite_1l:9|sutas_ayran_200ml:9|sutas_sut_1l:11|sutas_yogurt_1kg:15|torku_sut_1l:8|ulker_potibor:11|uludag_gazoz_250ml:6
2018,3,31,1503430,ariel_toz_4kg:18|barilla_spagetti_500g:10|caykur_rize_turist_500g:7|caykur_tiryaki_1kg:14|coca_cola_1l:12|coca_cola_kutu_330ml:3|coca_cola_zero_1l:10|danone_danino:17|dogus_cay_1kg:38|fanta_portakal_1l:11|icim_sut_1l:36|lipton_yellow_label_100:10|pepsi_1l:7|pinar_labne_200g:8|pinar_sut_1l:9|sprite_1l:7|sutas_ayran_200ml:7|sutas_sut_1l:10|sutas_yogurt_1kg:13|torku_sut_1l:6|ulker_potibor:8|uludag_gazoz_250ml:14
2018,4,30,1575250,ariel_toz_4kg:23|barilla_spagetti_500g:11|caykur_rize_turist_500g:8|caykur_tiryaki_1kg:21|coca_cola_1l:9|coca_cola_kutu_330ml:9|coca_cola_zero_1l:7|danone_danino:10|dogus_cay_1kg:32|fanta_portakal_1l:8|icim_sut_1l:14|lipton_yellow_label_100:7|pepsi_1l:6|pinar_labne_200g:10|pinar_sut_1l:11|sprite_1l:8|sutas_ayran_200ml:15|sutas_sut_1l:20|sutas_yogurt_1kg:20|torku_sut_1l:9|ulker_potibor:7|uludag_gazoz_250ml:15
2018,5,31,1655842,ariel_toz_4kg:25|barilla_spagetti_500g:10|caykur_rize_turist_500g:4|caykur_tiryaki_1kg:10|coca_cola_1l:17|coca_cola_kutu_330ml:6|coca_cola_zero_1l:12|danone_danino:7|dogus_cay_1kg:28|fanta_portakal_1l:9|icim_sut_1l:8|lipton_yellow_label_100:21|pepsi_1l:9|pinar_labne_200g:8|pinar_sut_1l:20|sprite_1l:6|sutas_ayran_200ml:7|sutas_sut_1l:12|sutas_yogurt_1kg:32|torku_sut_1l:11|ulker_potibor:8|uludag_gazoz_250ml:6
2018,6,30,1550364,ariel_toz_4kg:18|barilla_spagetti_500g:11|caykur_rize_turist_500g:5|caykur_tiryaki_1kg:10|coca_cola_1l:16|coca_cola_kutu_330ml:5|coca_cola_zero_1l:15|danone_danino:12|dogus_cay_1kg:36|fanta_portakal_1l:11|icim_sut_1l:25|lipton_yellow_label_100:8|pepsi_1l:13|pinar_labne_200g:19|pinar_sut_1l:8|sprite_1l:12|sutas_ayran_200ml:6|sutas_sut_1l:9|sutas_yogurt_1kg:17|torku_sut_1l:14|ulker_potibor:9|uludag_gazoz_250ml:16
2018,7,30,1574112,ariel_toz_4kg:22|barilla_spagetti_500g:8|caykur_rize_turist_500g:8|caykur_tiryaki_1kg:18|coca_cola_1l:18|coca_cola_kutu_330ml:7|coca_cola_zero_1l:15|danone_danino:10|dogus_cay_1kg:30|fanta_portakal_1l:11|icim_sut_1l:7|lipton_yellow_label_100:7|pepsi_1l:10|pinar_labne_200g:9|pinar_sut_1l:6|sprite_1l:8|sutas_ayran_200ml:16|sutas_sut_1l:18|sutas_yogurt_1kg:16|torku_sut_1l:11|ulker_potibor:9|uludag_gazoz_250ml:15
2018,8,30,1643780,ariel_toz_4kg:23|barilla_spagetti_500g:8|caykur_rize_turist_500g:9|caykur_tiryaki_1kg:10|coca_cola_1l:15|coca_cola_kutu_330ml:5|coca_cola_zero_1l:13|danone_danino:11|dogus_cay_1kg:26|fanta_portakal_1l:19|icim_sut_1l:10|lipton_yellow_label_100:14|pepsi_1l:12|pinar_labne_200g:10|pinar_sut_1l:9|sprite_1l:13|sutas_ayran_200ml:11|sutas_sut_1l:9|sutas_yogurt_1kg:26|torku_sut_1l:9|ulker_potibor:8|uludag_gazoz_250ml:14
2018,9,30,1899556,ariel_toz_4kg:24|barilla_spagetti_500g:10|caykur_rize_turist_500g:8|caykur_tiryaki_1kg:19|coca_cola_1l:8|coca_cola_kutu_330ml:4|coca_cola_zero_1l:10|danone_danino:13|dogus_cay_1kg:50|fanta_portakal_1l:21|icim_sut_1l:14|lipton_yellow_label_100:9|pepsi_1l:10|pinar_labne_200g:12|pinar_sut_1l:35|sprite_1l:13|sutas_ayran_200ml:7|sutas_sut_1l:11|sutas_yogurt_1kg:15|torku_sut_1l:13|ulker_potibor:8|uludag_gazoz_250ml:7
2018,10,30,1592946,ariel_toz_4kg:13|barilla_spagetti_500g:11|caykur_rize_turist_500g:6|caykur_tiryaki_1kg:19|coca_cola_1l:17|coca_cola_kutu_330ml:6|coca_cola_zero_1l:11|danone_danino:15|dogus_cay_1kg:40|fanta_portakal_1l:10|icim_sut_1l:22|lipton_yellow_label_100:7|pepsi_1l:9|pinar_labne_200g:20|pinar_sut_1l:8|sprite_1l:9|sutas_ayran_200ml:5|sutas_sut_1l:10|sutas_yogurt_1kg:16|torku_sut_1l:9|ulker_potibor:7|uludag_gazoz_250ml:4
2018,11,30,1466608,ariel_toz_4kg:15|barilla_spagetti_500g:5|caykur_rize_turist_500g:10|caykur_tiryaki_1kg:10|coca_cola_1l:11|coca_cola_kutu_330ml:10|coca_cola_zero_1l:8|danone_danino:8|dogus_cay_1kg:20|fanta_portakal_1l:7|icim_sut_1l:9|lipton_yellow_label_100:17|pepsi_1l:7|pinar_labne_200g:9|pinar_sut_1l:11|sprite_1l:7|sutas_ayran_200ml:12|sutas_sut_1l:10|sutas_yogurt_1kg:26|torku_sut_1l:8|ulker_potibor:10|uludag_gazoz_250ml:3
2018,12,29,1711870,ariel_toz_4kg:14|barilla_spagetti_500g:9|caykur_rize_turist_500g:5|caykur_tiryaki_1kg:22|coca_cola_1l:10|coca_cola_kutu_330ml:3|coca_cola_zero_1l:7|danone_danino:11|dogus_cay_1kg:48|fanta_portakal_1l:11|icim_sut_1l:10|lipton_yellow_label_100:11|pepsi_1l:8|pinar_labne_200g:14|pinar_sut_1l:15|sprite_1l:9|sutas_ayran_200ml:16|sutas_sut_1l:9|sutas_yogurt_1kg:16|torku_sut_1l:11|ulker_potibor:10|uludag_gazoz_250ml:11
2019,1,31,1736902,ariel_toz_4kg:9|barilla_spagetti_500g:10|caykur_rize_turist_500g:8|caykur_tiryaki_1kg:22|coca_cola_1l:9|coca_cola_kutu_330ml:2|coca_cola_zero_1l:7|danone_danino:10|dogus_cay_1kg:52|fanta_portakal_1l:5|icim_sut_1l:12|lipton_yellow_label_100:10|pepsi_1l:6|pinar_labne_200g:21|pinar_sut_1l:21|sprite_1l:7|sutas_ayran_200ml:7|sutas_sut_1l:10|sutas_yogurt_1kg:14|torku_sut_1l:7|ulker_potibor:8|uludag_gazoz_250ml:10
2019,2,28,1260648,ariel_toz_4kg:10|barilla_spagetti_500g:3|caykur_rize_turist_500g:10|caykur_tiryaki_1kg:6|coca_cola_1l:6|coca_cola_kutu_330ml:8|coca_cola_zero_1l:5|danone_danino:7|dogus_cay_1kg:19|fanta_portakal_1l:4|icim_sut_1l:6|lipton_yellow_label_100:17|pepsi_1l:4|pinar_labne_200g:10|pinar_sut_1l:8|sprite_1l:5|sutas_ayran_200ml:13|sutas_sut_1l:8|sutas_yogurt_1kg:22|torku_sut_1l:8|ulker_potibor:6|uludag_gazoz_250ml:1
2019,3,6,317576,ariel_toz_4kg:2|barilla_spagetti_500g:2|caykur_rize_turist_500g:2|caykur_tiryaki_1kg:1|coca_cola_1l:3|coca_cola_kutu_330ml:2|coca_cola_zero_1l:1|danone_danino:2|dogus_cay_1kg:5|fanta_portakal_1l:1|icim_sut_1l:1|lipton_yellow_label_100:4|pepsi_1l:1|pinar_labne_200g:1|pinar_sut_1l:2|sprite_1l:1|sutas_ayran_200ml:2|sutas_sut_1l:6|sutas_yogurt_1kg:6|torku_sut_1l:2|ulker_potibor:2|uludag_gazoz_250ml:1
