tarz,tohum,yil,gun,not,sirket_borcu_kurus,favok_kurus,borc_favok,faiz_kurus,limit_kullanimi_kurus,limit_kurus,bagli_sirket,bagli_magaza
Temkinli,21,1,366,B,0,5234947,0.0000,0,0,0,0,0
Temkinli,21,2,731,B+,0,9611109,0.0000,0,0,0,0,0
Temkinli,21,3,1096,A,0,15814391,0.0000,0,0,0,0,0
Temkinli,21,4,1461,A,0,48479854,0.0000,0,0,0,0,0
Temkinli,21,5,1827,A+,0,194138201,0.0000,0,0,0,0,0
Temkinli,21,6,2192,A+,0,390188959,0.0000,0,0,0,0,0
Temkinli,21,7,2557,A+,0,985022058,0.0000,0,0,0,0,0
Temkinli,21,8,2922,A+,0,1745082880,0.0000,0,0,0,0,0
Temkinli,21,9,3288,A+,0,2270796174,0.0000,0,0,0,0,0
Temkinli,21,10,3653,A+,0,2228359376,0.0000,0,0,0,0,0
Temkinli,21,11,4018,A+,0,2468488449,0.0000,0,0,0,0,0
Temkinli,21,12,4383,A+,0,3378586882,0.0000,0,0,0,0,0
Temkinli,21,13,4749,A+,0,4657697753,0.0000,0,0,0,0,0
Temkinli,21,14,5114,A+,0,5404960501,0.0000,0,0,0,0,0
Temkinli,21,15,5479,A+,0,8445432956,0.0000,0,0,0,0,0
Temkinli,21,16,5844,A+,0,9139356734,0.0000,0,0,0,0,0
Temkinli,21,17,6210,A+,0,9583530856,0.0000,0,0,0,0,0
Temkinli,21,18,6575,A+,0,10921974152,0.0000,0,0,0,0,0
Temkinli,21,19,6940,A+,0,11370865115,0.0000,0,0,0,0,0
Temkinli,21,20,7305,A+,0,11997065176,0.0000,0,0,0,0,0
Temkinli,21,21,7671,A+,0,11911102455,0.0000,0,0,0,0,0
Temkinli,21,22,8036,A+,0,8983970438,0.0000,0,0,0,0,0
Temkinli,21,23,8401,A+,0,10940185105,0.0000,0,0,0,0,0
Temkinli,21,24,8766,A+,0,13265901768,0.0000,0,0,0,0,0
Temkinli,21,25,9132,A+,0,14940119787,0.0000,0,0,0,0,0
Temkinli,21,26,9497,A+,0,21556009265,0.0000,0,0,0,0,0
Temkinli,21,27,9862,A+,0,25170987463,0.0000,0,0,0,0,0
Temkinli,21,28,10227,A+,0,26182141591,0.0000,0,0,0,0,0
Temkinli,21,29,10593,A+,0,27312077061,0.0000,0,0,0,0,0
Temkinli,21,30,10958,A+,0,20304280292,0.0000,0,0,0,0,0
Dengeli,21,1,366,B+,8377887,3547598,2.3616,220159,0,6550000,0,0
Dengeli,21,2,731,B+,7568220,7804033,0.9698,1400570,0,27320000,0,0
Dengeli,21,3,1096,A+,6434853,15018919,0.4284,2455345,0,37700000,0,0
Dengeli,21,4,1461,A+,5419719,24694998,0.2195,3344708,0,55660000,0,0
Dengeli,21,5,1827,A+,4580100,45521275,0.1006,4148284,0,82110000,0,0
Dengeli,21,6,2192,A+,3330123,216122901,0.0154,4910915,0,285370000,0,0
Dengeli,21,7,2557,A+,1947698,646682387,0.0030,5386282,0,764810000,0,0
Dengeli,21,8,2922,A+,302969,1496993484,0.0002,5599345,0,1856850000,0,0
Dengeli,21,9,3288,A+,0,1776738482,0.0000,5605988,0,3377080000,0,0
Dengeli,21,10,3653,A+,0,1732902192,0.0000,5605988,0,4902490000,0,0
Dengeli,21,11,4018,A+,0,1811286213,0.0000,5605988,0,5971440000,0,0
Dengeli,21,12,4383,A+,0,2138860394,0.0000,5605988,0,7002770000,0,0
Dengeli,21,13,4749,A+,0,3470734424,0.0000,5605988,0,9867010000,0,0
Dengeli,21,14,5114,A+,0,4296813338,0.0000,5605988,0,13443620000,0,0
Dengeli,21,15,5479,A+,0,6584800276,0.0000,5605988,0,17656790000,0,0
Dengeli,21,16,5844,A+,0,7517428580,0.0000,5605988,0,22759050000,0,0
Dengeli,21,17,6210,A+,0,7882010404,0.0000,5605988,0,26561630000,0,0
Dengeli,21,18,6575,A+,0,9167008023,0.0000,5605988,0,31156060000,0,0
Dengeli,21,19,6940,A+,0,9386665920,0.0000,5605988,0,35303620000,0,0
Dengeli,21,20,7305,A+,0,10594646813,0.0000,5605988,0,39931800000,0,0
Dengeli,21,21,7671,A+,0,10471226940,0.0000,5605988,0,44090730000,0,0
Dengeli,21,22,8036,A+,0,9765210368,0.0000,5605988,0,49023090000,0,0
Dengeli,21,23,8401,A+,0,11569050395,0.0000,5605988,0,55446020000,0,0
Dengeli,21,24,8766,A+,0,14614837406,0.0000,5605988,0,62062020000,0,0
Dengeli,21,25,9132,A+,0,17260402158,0.0000,5605988,0,73404590000,0,0
Dengeli,21,26,9497,A+,0,19955546864,0.0000,5605988,0,85426570000,0,0
Dengeli,21,27,9862,A+,0,20031822360,0.0000,5605988,0,96186900000,0,0
Dengeli,21,28,10227,A+,0,22105871446,0.0000,5605988,0,106303040000,0,0
Dengeli,21,29,10593,A+,0,22191501386,0.0000,5605988,0,119565640000,0,0
Dengeli,21,30,10958,A+,0,24159751179,0.0000,5605988,0,127208020000,0,0
Atak,21,1,366,B+,8396391,5990052,1.4017,600247,0,11650000,0,0
Atak,21,2,731,B,104652077,45878559,2.2811,7380309,0,97110000,0,0
Atak,21,3,1096,A+,90496874,293010829,0.3089,23966442,0,402540000,0,0
Atak,21,4,1461,A+,80223315,519450824,0.1544,35752081,0,777860000,0,0
Atak,21,5,1827,A+,71397491,1010359627,0.0707,46762593,0,1516790000,0,0
Atak,21,6,2192,A+,62574616,1496527742,0.0418,57612547,0,2756750000,0,0
Atak,21,7,2557,A+,55988082,1897066700,0.0295,67239134,0,3990020000,0,0
Atak,21,8,2922,A+,50423892,2234047965,0.0226,76656345,0,5361570000,0,0
Atak,21,9,3288,A+,45723437,1031568959,0.0443,86271840,0,6184010000,0,0
Atak,21,10,3653,A+,37541083,1448193722,0.0259,96595466,0,5891270000,0,0
Atak,21,11,4018,A+,30554479,1549877393,0.0197,103678296,0,6833880000,0,0
Atak,21,12,4383,A+,27399974,2126237694,0.0129,110648827,0,7956270000,0,0
Atak,21,13,4749,A+,25677711,3231357945,0.0079,118771680,0,10735600000,0,0
Atak,21,14,5114,A+,24183153,4198814406,0.0058,126682169,0,14671170000,0,0
Atak,21,15,5479,A+,21817708,5975858873,0.0037,134021595,0,19893110000,0,0
Atak,21,16,5844,A+,18547613,6680624995,0.0028,140428654,0,25869940000,0,0
Atak,21,17,6210,A+,16086749,7348854050,0.0022,143708851,0,30774440000,0,0
Atak,21,18,6575,A+,14014637,8891691821,0.0016,146351845,0,35814260000,0,0
Atak,21,19,6940,A+,11994298,9721657601,0.0012,148459664,0,41477900000,0,0
Atak,21,20,7305,A+,10115811,10348831433,0.0010,150172000,0,46912890000,0,0
Atak,21,21,7671,A+,8393724,10550284800,0.0008,151572934,0,52344680000,0,0
Atak,21,22,8036,A+,7465400,10641401274,0.0007,152860272,0,57752550000,0,0
Atak,21,23,8401,A+,6649191,12840804580,0.0005,154281831,0,64449630000,0,0
Atak,21,24,8766,A+,6066137,15346022364,0.0004,155637474,0,72125240000,0,0
Atak,21,25,9132,A+,5523251,18134239556,0.0003,156840021,0,84473060000,0,0
Atak,21,26,9497,A+,4967916,20636306776,0.0002,157808707,0,97330300000,0,0
Atak,21,27,9862,A+,4409929,21030035711,0.0002,158452074,0,108142400000,0,0
Atak,21,28,10227,A+,3914615,22725048532,0.0002,159023179,0,117146660000,0,0
Atak,21,29,10593,A+,3423346,24000007438,0.0001,159577919,0,128314240000,0,0
Atak,21,30,10958,A+,3031557,24977544248,0.0001,160021740,0,136387490000,0,0
