tarz,tohum,gun,olgun_sube,kar30_kurus,liste_duzeyi
Temkinli,21,30,0,0,1.00592004
Temkinli,21,60,0,0,1.01307036
Temkinli,21,90,0,0,1.02051243
Temkinli,21,120,0,0,1.02776648
Temkinli,21,150,0,0,1.03531650
Temkinli,21,180,0,0,1.04292199
Temkinli,21,210,0,0,1.05033534
Temkinli,21,240,0,0,1.05805116
Temkinli,21,270,0,0,1.06557204
Temkinli,21,300,0,0,1.06557204
Temkinli,21,330,0,0,1.07339979
Temkinli,21,360,0,0,1.07958568
Temkinli,21,366,0,0,1.08540474
Temkinli,21,390,0,0,1.08540474
Temkinli,21,420,0,0,1.09165981
Temkinli,21,450,0,0,1.09774743
Temkinli,21,480,0,0,1.10407363
Temkinli,21,510,1,310632,1.11023047
Temkinli,21,540,1,268006,1.11662861
Temkinli,21,570,1,290373,1.12306362
Temkinli,21,600,1,318961,1.12932636
Temkinli,21,630,2,629737,1.13583454
Temkinli,21,660,2,589429,1.14216850
Temkinli,21,690,2,643252,1.14875069
Temkinli,21,720,3,957765,1.15582838
Temkinli,21,731,3,959851,1.16225861
Temkinli,21,750,3,980742,1.16225861
Temkinli,21,780,4,1314979,1.16941952
Temkinli,21,810,4,1312412,1.17639144
Temkinli,21,840,5,1570826,1.18363943
Temkinli,21,870,6,1840089,1.19069613
Temkinli,21,900,6,1802663,1.19803225
Temkinli,21,930,6,2142216,1.20541358
Temkinli,21,960,6,2109575,1.21260009
Temkinli,21,990,6,2227702,1.22007117
Temkinli,21,1020,6,2452119,1.22734507
Temkinli,21,1050,6,2430502,1.23490699
Temkinli,21,1080,7,2853940,1.24300530
Temkinli,21,1096,7,2841600,1.25036554
Temkinli,21,1110,7,2808542,1.25036554
Temkinli,21,1140,7,2695544,1.25856522
Temkinli,21,1170,7,2834329,1.26655158
Temkinli,21,1200,8,3371219,1.27485741
Temkinli,21,1230,8,3451709,1.28294716
Temkinli,21,1260,8,3526019,1.29136051
Temkinli,21,1290,9,4697416,1.29982902
Temkinli,21,1320,9,4908163,1.30807724
Temkinli,21,1350,9,5381041,1.31665538
Temkinli,21,1380,10,6509847,1.32501037
Temkinli,21,1410,11,8601422,1.33369955
Temkinli,21,1440,11,8609485,1.34297246
Temkinli,21,1461,11,8764569,1.35140339
Temkinli,21,1470,11,9036438,1.35140339
Temkinli,21,1500,11,9229973,1.36079939
Temkinli,21,1530,12,10979894,1.36995449
Temkinli,21,1560,13,11613071,1.37947947
Temkinli,21,1590,14,12715559,1.38876024
Temkinli,21,1620,15,13050909,1.39841597
Temkinli,21,1650,16,15027904,1.40813883
Temkinli,21,1680,17,18248869,1.41761242
Temkinli,21,1710,18,20714166,1.42746875
Temkinli,21,1740,19,22995110,1.43707238
Temkinli,21,1770,20,24648634,1.44706402
Temkinli,21,1800,21,25842222,1.45769422
Temkinli,21,1827,22,26525537,1.46770930
Temkinli,21,1830,22,26392844,1.46770930
Temkinli,21,1860,23,27741882,1.47849117
Temkinli,21,1890,24,29507227,1.48900064
Temkinli,21,1920,25,30980922,1.49993892
Temkinli,21,1950,26,29754186,1.51060085
Temkinli,21,1980,27,32339120,1.52169780
Temkinli,21,2010,28,34774112,1.53287627
Temkinli,21,2040,29,39121438,1.54377233
Temkinli,21,2070,30,42130418,1.55511296
Temkinli,21,2100,31,43931885,1.56616708
Temkinli,21,2130,32,45874310,1.57767223
Temkinli,21,2160,33,44226248,1.59171801
Temkinli,21,2190,34,45751194,1.60451197
Temkinli,21,2192,34,45974360,1.60451197
Temkinli,21,2220,35,51284058,1.61879670
Temkinli,21,2250,36,56139167,1.63274170
Temkinli,21,2280,37,63741502,1.64727776
Temkinli,21,2310,38,67575418,1.66146811
Temkinli,21,2340,39,71906111,1.67625992
Temkinli,21,2370,40,81060100,1.67625992
Temkinli,21,2400,41,86878895,1.69118341
Temkinli,21,2430,42,94213868,1.70575198
Temkinli,21,2460,43,107651018,1.72093804
Temkinli,21,2490,44,114929164,1.73576294
Temkinli,21,2520,45,108772484,1.75121617
Temkinli,21,2550,46,108099106,1.76680699
Temkinli,21,2557,46,109860358,1.78100828
Temkinli,21,2580,47,116494652,1.78100828
Temkinli,21,2610,48,123466512,1.79686433
Temkinli,21,2640,49,132432678,1.81234329
Temkinli,21,2670,50,137028887,1.82847831
Temkinli,21,2700,51,128907533,1.84422961
Temkinli,21,2730,52,136060836,1.86064851
Temkinli,21,2760,53,152618895,1.87721358
Temkinli,21,2790,54,160247522,1.89338470
Temkinli,21,2820,55,175226624,1.91024122
Temkinli,21,2850,56,184523025,1.92669686
Temkinli,21,2880,57,165541616,1.94384995
Temkinli,21,2910,58,153006994,1.96706131
Temkinli,21,2922,59,155560830,1.98826455
Temkinli,21,2940,59,164629466,1.98826455
Temkinli,21,2970,60,180437091,2.01200627
Temkinli,21,3000,61,200049319,2.03525201
Temkinli,21,3030,62,208874554,2.05955480
Temkinli,21,3060,63,195987461,2.08334990
Temkinli,21,3090,64,200046216,2.10822702
Temkinli,21,3120,65,205592547,2.13340119
Temkinli,21,3150,66,195188048,2.15804947
Temkinli,21,3180,67,203030389,2.18381858
Temkinli,21,3210,68,212297882,2.20904936
Temkinli,21,3240,70,196484191,2.23542744
Temkinli,21,3270,71,178495317,2.26212051
Temkinli,21,3288,72,177884890,2.28737993
Temkinli,21,3300,72,177342790,2.28737993
Temkinli,21,3330,75,185378564,2.31469335
Temkinli,21,3360,76,200157449,2.34143620
Temkinli,21,3390,78,205647332,2.36939511
Temkinli,21,3420,82,206605468,2.39676995
Temkinli,21,3450,84,216116999,2.42538959
Temkinli,21,3480,85,223540452,2.45435098
Temkinli,21,3510,89,231997843,2.48270737
Temkinli,21,3540,91,231649462,2.51235318
Temkinli,21,3570,94,256150036,2.54137969
Temkinli,21,3600,99,269689740,2.57172611
Temkinli,21,3630,102,243516325,2.59659894
Temkinli,21,3653,103,249450978,2.61927142
Temkinli,21,3660,104,254535340,2.61927142
Temkinli,21,3690,109,280460150,2.64460409
Temkinli,21,3720,112,283647025,2.66935283
Temkinli,21,3750,116,234758532,2.69516987
Temkinli,21,3780,122,229542830,2.72039182
Temkinli,21,3810,112,264513499,2.74670249
Temkinli,21,3840,113,298407827,2.77326762
Temkinli,21,3870,117,314236548,2.79922042
Temkinli,21,3900,122,296836999,2.82629350
Temkinli,21,3930,126,309679154,2.85274253
Temkinli,21,3960,131,297723954,2.88033324
Temkinli,21,3990,132,225776620,2.92320353
Temkinli,21,4018,135,190701119,2.96247325
Temkinli,21,4020,135,194622568,2.96247325
Temkinli,21,4050,134,218805693,3.00656609
Temkinli,21,4080,130,260144022,3.04986133
Temkinli,21,4110,132,224251042,3.09525484
Temkinli,21,4140,131,343973979,3.13982722
Temkinli,21,4170,135,359521716,3.18655976
Temkinli,21,4200,146,394310511,3.23398786
Temkinli,21,4230,148,422930806,3.28055803
Temkinli,21,4260,148,414713324,3.32938518
Temkinli,21,4290,151,473629044,3.37732909
Temkinli,21,4320,153,486658033,3.42759656
Temkinli,21,4350,158,356895487,3.50483098
Temkinli,21,4380,169,350112324,3.57608587
Temkinli,21,4383,164,357019291,3.57608587
Temkinli,21,4410,166,376109340,3.65666622
Temkinli,21,4440,168,397977386,3.73637559
Temkinli,21,4470,171,450212338,3.82056776
Temkinli,21,4500,172,499903848,3.90384993
Temkinli,21,4530,176,424514918,3.90384993
Temkinli,21,4560,186,469111232,3.99181582
Temkinli,21,4590,188,530594823,4.08176385
Temkinli,21,4620,190,546723979,4.17073967
Temkinli,21,4650,193,594194558,4.26471941
Temkinli,21,4680,194,654758376,4.35768336
Temkinli,21,4710,199,520317656,4.45587553
Temkinli,21,4740,209,463530502,4.55628027
Temkinli,21,4749,206,471070035,4.65225450
Temkinli,21,4770,207,509525445,4.65225450
Temkinli,21,4800,208,560278169,4.75708428
Temkinli,21,4830,211,591556944,4.86078098
Temkinli,21,4860,212,577936122,4.97030950
Temkinli,21,4890,216,509986025,5.07865416
Temkinli,21,4920,223,562787653,5.19309205
Temkinli,21,4950,223,642058096,5.31010858
Temkinli,21,4980,225,666634317,5.42586031
Temkinli,21,5010,228,776233121,5.54812183
Temkinli,21,5040,229,840588272,5.66906186
Temkinli,21,5070,234,640150030,5.79680347
Temkinli,21,5100,243,609995563,5.90771165
Temkinli,21,5114,241,637958150,6.00970955
Temkinli,21,5130,242,697325414,6.00970955
Temkinli,21,5160,244,738214599,6.12469119
Temkinli,21,5190,247,824927109,6.23805792
Temkinli,21,5220,247,893658806,6.35740847
Temkinli,21,5250,251,808020880,6.47508275
Temkinli,21,5280,257,827003698,6.59896821
Temkinli,21,5310,259,900095313,6.72522393
Temkinli,21,5340,260,952158195,6.84970639
Temkinli,21,5370,262,1037960094,6.98075940
Temkinli,21,5400,263,1176526831,7.10997177
Temkinli,21,5430,268,1049580461,7.24600434
Temkinli,21,5460,276,911693720,7.32709132
Temkinli,21,5479,276,925708746,7.40111083
Temkinli,21,5490,278,978019681,7.40111083
Temkinli,21,5520,280,984145030,7.48393355
Temkinli,21,5550,282,1053616696,7.56496693
Temkinli,21,5580,281,1041044197,7.64962329
Temkinli,21,5610,286,909480350,7.73245070
Temkinli,21,5640,290,875578574,7.81898130
Temkinli,21,5670,286,980769429,7.90648023
Temkinli,21,5700,287,1100104508,7.99208879
Temkinli,21,5730,286,1129963233,8.08152489
Temkinli,21,5760,287,1256346060,8.16902878
Temkinli,21,5790,293,1148547413,8.26044494
Temkinli,21,5820,300,931405053,8.34033705
Temkinli,21,5844,300,978972966,8.41316160
Temkinli,21,5850,303,930462976,8.41316160
Temkinli,21,5880,303,1017353504,8.49453073
Temkinli,21,5910,303,1020317957,8.57402427
Temkinli,21,5940,304,1071882678,8.65694921
Temkinli,21,5970,302,1058949626,8.73796270
Temkinli,21,6000,304,1038374213,8.82247319
Temkinli,21,6030,304,1066971244,8.90780103
Temkinli,21,6060,305,1124397130,8.99116205
Temkinli,21,6090,305,1194390858,9.07812139
Temkinli,21,6120,304,1426905098,9.16307630
Temkinli,21,6150,307,1353883689,9.25169834
Temkinli,21,6180,312,1160574916,9.32689326
Temkinli,21,6210,316,1061042173,9.39779009
Temkinli,21,6240,319,1058590918,9.47417241
Temkinli,21,6270,322,1227558231,9.54868182
Temkinli,21,6300,322,1230356755,9.62629054
Temkinli,21,6330,323,1128132086,9.70199628
Temkinli,21,6360,326,1045820275,9.78085109
Temkinli,21,6390,321,1137487298,9.86034680
Temkinli,21,6420,320,1311236229,9.93789328
Temkinli,21,6450,323,1311491767,10.01866538
Temkinli,21,6480,322,1640478282,10.09745695
Temkinli,21,6510,324,1761523894,10.09745695
Temkinli,21,6540,330,1314273179,10.17952594
Temkinli,21,6570,335,1199835775,10.32231994
Temkinli,21,6575,331,1202359829,10.32231994
Temkinli,21,6600,334,1211130598,10.32231994
Temkinli,21,6630,336,1142939516,10.39814825
Temkinli,21,6660,335,1258575239,10.47206081
Temkinli,21,6690,333,1236030470,10.54898912
Temkinli,21,6720,339,1068413101,10.62397389
Temkinli,21,6750,340,1192738466,10.70201816
Temkinli,21,6780,338,1376063212,10.78063575
Temkinli,21,6810,342,1467589007,10.85726712
Temkinli,21,6840,342,1680680068,10.93702518
Temkinli,21,6870,345,1570658265,11.01476821
Temkinli,21,6900,351,1503805230,11.09568327
Temkinli,21,6930,355,1315655453,11.16844684
Temkinli,21,6940,355,1249581241,11.23457881
Temkinli,21,6960,357,1278488966,11.23457881
Temkinli,21,6990,356,1296740518,11.30825323
Temkinli,21,7020,356,1435497753,11.38001104
Temkinli,21,7050,355,1422712463,11.45463917
Temkinli,21,7080,360,1353538199,11.52732588
Temkinli,21,7110,360,1227536082,11.60292008
Temkinli,21,7140,361,1364089058,11.67901002
Temkinli,21,7170,363,1374730915,11.75312050
Temkinli,21,7200,362,1695012881,11.83019542
Temkinli,21,7230,363,1883927476,11.90526527
Temkinli,21,7260,368,1577438887,11.98333793
Temkinli,21,7290,375,1356577441,12.06192258
Temkinli,21,7305,375,1392397559,12.13334512
Temkinli,21,7320,378,1428868773,12.13334512
Temkinli,21,7350,373,1433113497,12.21291349
Temkinli,21,7380,373,1604615263,12.29041192
Temkinli,21,7410,370,1465406550,12.37101030
Temkinli,21,7440,374,1322787952,12.44951196
Temkinli,21,7470,372,1311187610,12.53115369
Temkinli,21,7500,369,1451496535,12.61333082
Temkinli,21,7530,372,1411816466,12.69337014
Temkinli,21,7560,370,1677169281,12.77661106
Temkinli,21,7590,370,1756748884,12.85768650
Temkinli,21,7620,376,1546609294,12.94200497
Temkinli,21,7650,382,1327980634,13.05722570
Temkinli,21,7671,382,1352398338,13.16594132
Temkinli,21,7680,385,1345599952,13.16594132
Temkinli,21,7710,382,1489973139,13.28315572
Temkinli,21,7740,381,1576286539,13.39758251
Temkinli,21,7770,380,1438546290,13.51685918
Temkinli,21,7800,385,1183060248,13.63329919
Temkinli,21,7830,383,1039323343,13.75467441
Temkinli,21,7860,372,1308536896,13.87713021
Temkinli,21,7890,364,1312725009,13.99667375
Temkinli,21,7920,361,1330512100,14.12128404
Temkinli,21,7950,361,1522719450,14.24293083
Temkinli,21,7980,367,1483123042,14.36973351
Temkinli,21,8010,371,1319124443,14.51639210
Temkinli,21,8036,369,1402497523,14.65014405
Temkinli,21,8040,373,1525114299,14.65014405
Temkinli,21,8070,373,1301109639,14.79966454
Temkinli,21,8100,372,1603592236,14.94581460
Temkinli,21,8130,372,1490777454,15.09835272
Temkinli,21,8160,376,1435644192,15.24745240
Temkinli,21,8190,381,1435689308,15.40306906
Temkinli,21,8220,378,1498433120,15.56027396
Temkinli,21,8250,378,1710942373,15.71393521
Temkinli,21,8280,380,1809215359,15.87431283
Temkinli,21,8310,378,1640992375,16.03107529
Temkinli,21,8340,380,1884187628,16.19468967
Temkinli,21,8370,384,1528203842,16.41208503
Temkinli,21,8400,387,1454301285,16.61094937
Temkinli,21,8401,380,1480694726,16.61094937
Temkinli,21,8430,384,1590501573,16.83393254
Temkinli,21,8460,385,1784414010,17.05257231
Temkinli,21,8490,384,1789450259,17.28148377
Temkinli,21,8520,383,1716438498,17.50593636
Temkinli,21,8550,383,1338124717,17.74093372
Temkinli,21,8580,385,1771407343,17.97908565
Temkinli,21,8610,386,2049661332,18.21259871
Temkinli,21,8640,388,2015622737,18.21259871
Temkinli,21,8670,388,2175755219,18.45708221
Temkinli,21,8700,387,2343165384,18.69680351
Temkinli,21,8730,390,1759770446,18.94778691
Temkinli,21,8760,397,1871815396,19.18814564
Temkinli,21,8766,395,1840764128,19.40786348
Temkinli,21,8790,399,1667803989,19.40786348
Temkinli,21,8820,401,1990887139,19.65405843
Temkinli,21,8850,395,2262937548,19.89528477
Temkinli,21,8880,392,2105665111,20.14766281
Temkinli,21,8910,392,1715491920,20.39494746
Temkinli,21,8940,399,1971320615,20.65366388
Temkinli,21,8970,398,2330778519,20.91566220
Temkinli,21,9000,400,2612496571,21.17237298
Temkinli,21,9030,399,2969494581,21.44095129
Temkinli,21,9060,395,2875493169,21.70410926
Temkinli,21,9090,397,2416816279,21.97943282
Temkinli,21,9120,398,2061920608,22.19201014
Temkinli,21,9132,393,2105126983,22.39273369
Temkinli,21,9150,393,2386302630,22.39273369
Temkinli,21,9180,393,2587350241,22.60930830
Temkinli,21,9210,394,2522388527,22.82089080
Temkinli,21,9240,409,2296672231,23.04160640
Temkinli,21,9270,415,1990341539,23.25723444
Temkinli,21,9300,403,2023913067,23.48217020
Temkinli,21,9330,395,2555964837,23.70928146
Temkinli,21,9360,395,2844531989,23.93115773
Temkinli,21,9390,395,3227302118,24.16261144
Temkinli,21,9420,395,3535011609,24.38873007
Temkinli,21,9450,396,3191514696,24.62460925
Temkinli,21,9480,396,2998350013,24.78609316
Temkinli,21,9497,394,2802653349,24.93285962
Temkinli,21,9510,394,2753984866,24.93285962
Temkinli,21,9540,394,3065652748,25.09636498
Temkinli,21,9570,395,3000811390,25.25561682
Temkinli,21,9600,395,2832603394,25.42123876
Temkinli,21,9630,395,2910710383,25.58255212
Temkinli,21,9660,395,2786832338,25.75031805
Temkinli,21,9690,395,2819748868,25.91918416
Temkinli,21,9720,396,3255598494,26.08365729
Temkinli,21,9750,397,3291778298,26.25470938
Temkinli,21,9780,398,3781146283,26.42131163
Temkinli,21,9810,398,3750876490,26.59457800
Temkinli,21,9840,398,2923441373,26.76898062
Temkinli,21,9862,399,2849803060,26.92748839
Temkinli,21,9870,399,2815457419,26.92748839
Temkinli,21,9900,399,2934143726,27.10407418
Temkinli,21,9930,399,3249964848,27.27606616
Temkinli,21,9960,399,3310332274,27.45493786
Temkinli,21,9990,399,2716606409,27.62915629
Temkinli,21,10020,399,2606231553,27.81034350
Temkinli,21,10050,399,2811487396,27.99271890
Temkinli,21,10080,399,3195841872,28.17034988
Temkinli,21,10110,399,3635047343,28.35508613
Temkinli,21,10140,399,3942474639,28.53501656
Temkinli,21,10170,400,3849448854,28.72214423
Temkinli,21,10200,401,3436555767,28.91049906
Temkinli,21,10227,402,3156493127,29.08168746
Temkinli,21,10230,402,3088433735,29.08168746
Temkinli,21,10260,401,3361595291,29.27240011
Temkinli,21,10290,402,3265002079,29.45815146
Temkinli,21,10320,403,3422403904,29.65133289
Temkinli,21,10350,403,3195998772,29.83948880
Temkinli,21,10380,403,2992053389,30.03517098
Temkinli,21,10410,403,3112321703,30.23213641
Temkinli,21,10440,403,3353645699,30.42397787
Temkinli,21,10470,403,3297698413,30.62349302
Temkinli,21,10500,403,4148813587,30.81781788
Temkinli,21,10530,404,4515952838,31.01991577
Temkinli,21,10560,404,3620893958,31.22333899
Temkinli,21,10590,404,3258646332,31.41484565
Temkinli,21,10593,403,3208500578,31.41484565
Temkinli,21,10620,404,3432646896,31.62085875
Temkinli,21,10650,402,3364838062,31.82151250
Temkinli,21,10680,403,3415194041,32.03019245
Temkinli,21,10710,403,2751771094,32.23344368
Temkinli,21,10740,404,2372795942,32.23344368
Temkinli,21,10770,422,2895158085,32.44482500
Temkinli,21,10800,423,3469525181,32.65759252
Temkinli,21,10830,408,3227173426,32.86482498
Temkinli,21,10860,409,3238897626,33.08034679
Temkinli,21,10890,407,4003195489,33.29026189
Temkinli,21,10920,407,4052596294,33.50857365
Temkinli,21,10950,408,3281769324,33.72831705
Temkinli,21,10958,408,3344472810,33.92803330
Dengeli,21,30,0,0,1.00592004
Dengeli,21,60,0,0,1.01307036
Dengeli,21,90,0,0,1.02051243
Dengeli,21,120,0,0,1.02776648
Dengeli,21,150,0,0,1.03531650
Dengeli,21,180,0,0,1.04292199
Dengeli,21,210,0,0,1.05033534
Dengeli,21,240,0,0,1.05805116
Dengeli,21,270,0,0,1.06557204
Dengeli,21,300,0,0,1.06557204
Dengeli,21,330,0,0,1.07339979
Dengeli,21,360,0,0,1.07958568
Dengeli,21,366,0,0,1.08540474
Dengeli,21,390,0,0,1.08540474
Dengeli,21,420,2,399162,1.09165981
Dengeli,21,450,2,382295,1.09774743
Dengeli,21,480,2,342426,1.10407363
Dengeli,21,510,3,592047,1.11023047
Dengeli,21,540,5,891688,1.11662861
Dengeli,21,570,6,1548045,1.12306362
Dengeli,21,600,6,1827428,1.12932636
Dengeli,21,630,6,1973081,1.13583454
Dengeli,21,660,6,1803153,1.14216850
Dengeli,21,690,6,1884136,1.14875069
Dengeli,21,720,6,1884700,1.15582838
Dengeli,21,731,6,1871383,1.16225861
Dengeli,21,750,6,1879949,1.16225861
Dengeli,21,780,6,1967142,1.16941952
Dengeli,21,810,6,1876000,1.17639144
Dengeli,21,840,6,1751610,1.18363943
Dengeli,21,870,6,1754760,1.19069613
Dengeli,21,900,6,1749151,1.19803225
Dengeli,21,930,6,2148106,1.20541358
Dengeli,21,960,6,2321405,1.21260009
Dengeli,21,990,6,2584154,1.22007117
Dengeli,21,1020,6,2836405,1.22734507
Dengeli,21,1050,6,2769026,1.23490699
Dengeli,21,1080,6,2762009,1.24300530
Dengeli,21,1096,6,2773642,1.25036554
Dengeli,21,1110,6,2788648,1.25036554
Dengeli,21,1140,6,2700019,1.25856522
Dengeli,21,1170,6,2722492,1.26655158
Dengeli,21,1200,7,3720954,1.27485741
Dengeli,21,1230,7,3625661,1.28294716
Dengeli,21,1260,7,3592600,1.29136051
Dengeli,21,1290,7,3923910,1.29982902
Dengeli,21,1320,7,4279777,1.30807724
Dengeli,21,1350,7,4541379,1.31665538
Dengeli,21,1380,7,4518679,1.32501037
Dengeli,21,1410,7,4613524,1.33369955
Dengeli,21,1440,7,4588886,1.34297246
Dengeli,21,1461,7,4623765,1.35140339
Dengeli,21,1470,7,4769651,1.35140339
Dengeli,21,1500,7,4867086,1.36079939
Dengeli,21,1530,7,5031095,1.36995449
Dengeli,21,1560,7,4833309,1.37947947
Dengeli,21,1590,7,4589558,1.38876024
Dengeli,21,1620,8,5239218,1.39841597
Dengeli,21,1650,8,5509965,1.40813883
Dengeli,21,1680,8,6015122,1.41761242
Dengeli,21,1710,8,6314193,1.42746875
Dengeli,21,1740,9,8355771,1.43707238
Dengeli,21,1770,9,8613851,1.44706402
Dengeli,21,1800,9,8616065,1.45769422
Dengeli,21,1827,10,10102946,1.46770930
Dengeli,21,1830,10,10064003,1.46770930
Dengeli,21,1860,10,10056469,1.47849117
Dengeli,21,1890,11,11472774,1.48900064
Dengeli,21,1920,12,13050037,1.49993892
Dengeli,21,1950,13,13643132,1.51060085
Dengeli,21,1980,14,15791911,1.52169780
Dengeli,21,2010,16,19915363,1.53287627
Dengeli,21,2040,17,24695904,1.54377233
Dengeli,21,2070,19,29489825,1.55511296
Dengeli,21,2100,19,30491554,1.56616708
Dengeli,21,2130,20,32754464,1.57767223
Dengeli,21,2160,22,38414135,1.59171801
Dengeli,21,2190,22,38901340,1.60451197
Dengeli,21,2192,22,39001194,1.60451197
Dengeli,21,2220,23,44400262,1.61879670
Dengeli,21,2250,23,46161548,1.63274170
Dengeli,21,2280,24,50217032,1.64727776
Dengeli,21,2310,25,53317947,1.66146811
Dengeli,21,2340,25,52164223,1.67625992
Dengeli,21,2370,27,63323829,1.67625992
Dengeli,21,2400,28,68723556,1.69118341
Dengeli,21,2430,29,73869775,1.70575198
Dengeli,21,2460,31,83040500,1.72093804
Dengeli,21,2490,32,95458128,1.73576294
Dengeli,21,2520,33,89448794,1.75121617
Dengeli,21,2550,34,88875313,1.76680699
Dengeli,21,2557,35,94092823,1.78100828
Dengeli,21,2580,36,102223791,1.78100828
Dengeli,21,2610,38,113756669,1.79686433
Dengeli,21,2640,40,125088737,1.81234329
Dengeli,21,2670,41,129398394,1.82847831
Dengeli,21,2700,43,124346247,1.84422961
Dengeli,21,2730,45,136423014,1.86064851
Dengeli,21,2760,47,157084565,1.87721358
Dengeli,21,2790,50,173741428,1.89338470
Dengeli,21,2820,52,186139880,1.91024122
Dengeli,21,2850,54,211430301,1.92669686
Dengeli,21,2880,56,185118569,1.94384995
Dengeli,21,2910,58,168531954,1.96706131
Dengeli,21,2922,59,167999127,1.98826455
Dengeli,21,2940,60,180428820,1.98826455
Dengeli,21,2970,63,197903314,2.01200627
Dengeli,21,3000,68,228336117,2.03525201
Dengeli,21,3030,72,237584897,2.05955480
Dengeli,21,3060,76,214710920,2.08334990
Dengeli,21,3090,79,218001450,2.10822702
Dengeli,21,3120,83,236499095,2.13340119
Dengeli,21,3150,88,217299939,2.15804947
Dengeli,21,3180,95,223234899,2.18381858
Dengeli,21,3210,102,263837891,2.20904936
Dengeli,21,3240,108,245037506,2.23542744
Dengeli,21,3270,113,212847668,2.26212051
Dengeli,21,3288,114,210220959,2.28737993
Dengeli,21,3300,117,208306474,2.28737993
Dengeli,21,3330,119,214394013,2.31469335
Dengeli,21,3360,126,232974434,2.34143620
Dengeli,21,3390,133,237759079,2.36939511
Dengeli,21,3420,139,232716862,2.39676995
Dengeli,21,3450,142,247622779,2.42538959
Dengeli,21,3480,145,265577580,2.45435098
Dengeli,21,3510,149,273600985,2.48270737
Dengeli,21,3540,157,271116535,2.51235318
Dengeli,21,3570,162,312024090,2.54137969
Dengeli,21,3600,168,324028165,2.57172611
Dengeli,21,3630,173,284997249,2.59659894
Dengeli,21,3653,174,284284141,2.61927142
Dengeli,21,3660,175,289743536,2.61927142
Dengeli,21,3690,178,312801659,2.64460409
Dengeli,21,3720,185,296322687,2.66935283
Dengeli,21,3750,187,226452538,2.69516987
Dengeli,21,3780,181,247164286,2.72039182
Dengeli,21,3810,155,302656916,2.74670249
Dengeli,21,3840,152,327856125,2.77326762
Dengeli,21,3870,154,342336756,2.79922042
Dengeli,21,3900,168,338181248,2.82629350
Dengeli,21,3930,170,345879203,2.85274253
Dengeli,21,3960,168,317215669,2.88033324
Dengeli,21,3990,170,254630202,2.92320353
Dengeli,21,4018,180,207834068,2.96247325
Dengeli,21,4020,181,210432582,2.96247325
Dengeli,21,4050,173,219075585,3.00656609
Dengeli,21,4080,163,254353934,3.04986133
Dengeli,21,4110,163,212005343,3.09525484
Dengeli,21,4140,163,337248498,3.13982722
Dengeli,21,4170,164,367114234,3.18655976
Dengeli,21,4200,166,384797459,3.23398786
Dengeli,21,4230,169,391841451,3.28055803
Dengeli,21,4260,170,394046340,3.32938518
Dengeli,21,4290,172,426391515,3.37732909
Dengeli,21,4320,174,421906212,3.42759656
Dengeli,21,4350,176,349822130,3.50483098
Dengeli,21,4380,177,362332065,3.57608587
Dengeli,21,4383,175,364519197,3.57608587
Dengeli,21,4410,176,381277639,3.65666622
Dengeli,21,4440,179,402288052,3.73637559
Dengeli,21,4470,180,460373380,3.82056776
Dengeli,21,4500,181,528156102,3.90384993
Dengeli,21,4530,183,451769396,3.90384993
Dengeli,21,4560,185,480500543,3.99181582
Dengeli,21,4590,185,511152660,4.08176385
Dengeli,21,4620,185,493913117,4.17073967
Dengeli,21,4650,186,517420261,4.26471941
Dengeli,21,4680,188,629874960,4.35768336
Dengeli,21,4710,189,543675837,4.45587553
Dengeli,21,4740,188,483216267,4.55628027
Dengeli,21,4749,187,490284869,4.65225450
Dengeli,21,4770,188,533780163,4.65225450
Dengeli,21,4800,188,563813795,4.75708428
Dengeli,21,4830,188,614260773,4.86078098
Dengeli,21,4860,190,675081833,4.97030950
Dengeli,21,4890,192,588158451,5.07865416
Dengeli,21,4920,194,602674980,5.19309205
Dengeli,21,4950,195,640145207,5.31010858
Dengeli,21,4980,195,639793383,5.42586031
Dengeli,21,5010,196,710896103,5.54812183
Dengeli,21,5040,198,755679178,5.66906186
Dengeli,21,5070,201,577140323,5.79680347
Dengeli,21,5100,203,612989594,5.90771165
Dengeli,21,5114,196,656554306,6.00970955
Dengeli,21,5130,197,717118853,6.00970955
Dengeli,21,5160,196,744812544,6.12469119
Dengeli,21,5190,195,835342688,6.23805792
Dengeli,21,5220,197,852426746,6.35740847
Dengeli,21,5250,199,829857159,6.47508275
Dengeli,21,5280,202,849879374,6.59896821
Dengeli,21,5310,204,861373025,6.72522393
Dengeli,21,5340,204,893564658,6.84970639
Dengeli,21,5370,205,927775313,6.98075940
Dengeli,21,5400,207,1055646561,7.10997177
Dengeli,21,5430,209,1028982423,7.24600434
Dengeli,21,5460,211,923868507,7.32709132
Dengeli,21,5479,211,928206772,7.40111083
Dengeli,21,5490,212,972578710,7.40111083
Dengeli,21,5520,213,1008373961,7.48393355
Dengeli,21,5550,214,1024729902,7.56496693
Dengeli,21,5580,214,1113641438,7.64962329
Dengeli,21,5610,215,1066241013,7.73245070
Dengeli,21,5640,217,1035913239,7.81898130
Dengeli,21,5670,218,1157408567,7.90648023
Dengeli,21,5700,221,1194535142,7.99208879
Dengeli,21,5730,222,1090773140,8.08152489
Dengeli,21,5760,223,1106965486,8.16902878
Dengeli,21,5790,224,1018775554,8.26044494
Dengeli,21,5820,224,853126400,8.34033705
Dengeli,21,5844,225,982529236,8.41316160
Dengeli,21,5850,225,953954691,8.41316160
Dengeli,21,5880,223,1050185139,8.49453073
Dengeli,21,5910,225,1141077224,8.57402427
Dengeli,21,5940,227,1099949337,8.65694921
Dengeli,21,5970,228,1176959081,8.73796270
Dengeli,21,6000,230,1164473558,8.82247319
Dengeli,21,6030,230,1195569940,8.90780103
Dengeli,21,6060,231,1176712082,8.99116205
Dengeli,21,6090,232,1150462730,9.07812139
Dengeli,21,6120,233,1285844369,9.16307630
Dengeli,21,6150,233,1331515886,9.25169834
Dengeli,21,6180,234,1129626281,9.32689326
Dengeli,21,6210,236,1003961532,9.39779009
Dengeli,21,6240,237,1088399519,9.47417241
Dengeli,21,6270,237,1351899273,9.54868182
Dengeli,21,6300,237,1305695152,9.62629054
Dengeli,21,6330,238,1268094566,9.70199628
Dengeli,21,6360,240,1213556812,9.78085109
Dengeli,21,6390,241,1361162405,9.86034680
Dengeli,21,6420,241,1427411215,9.93789328
Dengeli,21,6450,243,1332449403,10.01866538
Dengeli,21,6480,245,1434062678,10.09745695
Dengeli,21,6510,247,1534044374,10.09745695
Dengeli,21,6540,250,1242866345,10.17952594
Dengeli,21,6570,251,1218007613,10.32231994
Dengeli,21,6575,248,1180413362,10.32231994
Dengeli,21,6600,250,1175118502,10.32231994
Dengeli,21,6630,251,1293473812,10.39814825
Dengeli,21,6660,252,1318133631,10.47206081
Dengeli,21,6690,254,1375584436,10.54898912
Dengeli,21,6720,256,1178348554,10.62397389
Dengeli,21,6750,258,1348950933,10.70201816
Dengeli,21,6780,257,1470120688,10.78063575
Dengeli,21,6810,256,1496941998,10.85726712
Dengeli,21,6840,257,1515524066,10.93702518
Dengeli,21,6870,259,1378070298,11.01476821
Dengeli,21,6900,261,1462329486,11.09568327
Dengeli,21,6930,262,1319537685,11.16844684
Dengeli,21,6940,263,1216113214,11.23457881
Dengeli,21,6960,264,1265233704,11.23457881
Dengeli,21,6990,259,1460150563,11.30825323
Dengeli,21,7020,261,1549996991,11.38001104
Dengeli,21,7050,262,1615437750,11.45463917
Dengeli,21,7080,263,1576053316,11.52732588
Dengeli,21,7110,265,1542025152,11.60292008
Dengeli,21,7140,267,1529718381,11.67901002
Dengeli,21,7170,270,1417810387,11.75312050
Dengeli,21,7200,271,1590605969,11.83019542
Dengeli,21,7230,272,1772077001,11.90526527
Dengeli,21,7260,272,1470282496,11.98333793
Dengeli,21,7290,272,1387654007,12.06192258
Dengeli,21,7305,270,1463225637,12.13334512
Dengeli,21,7320,271,1504095139,12.13334512
Dengeli,21,7350,272,1474183288,12.21291349
Dengeli,21,7380,273,1680379184,12.29041192
Dengeli,21,7410,274,1660051522,12.37101030
Dengeli,21,7440,275,1526151234,12.44951196
Dengeli,21,7470,275,1583940697,12.53115369
Dengeli,21,7500,276,1671338374,12.61333082
Dengeli,21,7530,277,1614749019,12.69337014
Dengeli,21,7560,276,1669416193,12.77661106
Dengeli,21,7590,277,1691325566,12.85768650
Dengeli,21,7620,278,1495698049,12.94200497
Dengeli,21,7650,279,1418809533,13.05722570
Dengeli,21,7671,274,1525860302,13.16594132
Dengeli,21,7680,275,1541595990,13.16594132
Dengeli,21,7710,275,1677365938,13.28315572
Dengeli,21,7740,276,1721926644,13.39758251
Dengeli,21,7770,278,1683992754,13.51685918
Dengeli,21,7800,279,1544505038,13.63329919
Dengeli,21,7830,280,1431090196,13.75467441
Dengeli,21,7860,280,1500144177,13.87713021
Dengeli,21,7890,277,1471837475,13.99667375
Dengeli,21,7920,277,1537743427,14.12128404
Dengeli,21,7950,278,1754789097,14.24293083
Dengeli,21,7980,277,1619769512,14.36973351
Dengeli,21,8010,280,1343334893,14.51639210
Dengeli,21,8036,278,1470860099,14.65014405
Dengeli,21,8040,279,1674248851,14.65014405
Dengeli,21,8070,278,1567360716,14.79966454
Dengeli,21,8100,279,1791245877,14.94581460
Dengeli,21,8130,279,1789792421,15.09835272
Dengeli,21,8160,277,1828753819,15.24745240
Dengeli,21,8190,278,1785572914,15.40306906
Dengeli,21,8220,281,1748114089,15.56027396
Dengeli,21,8250,282,1921814335,15.71393521
Dengeli,21,8280,283,1973575901,15.87431283
Dengeli,21,8310,283,1977903002,16.03107529
Dengeli,21,8340,283,2172411606,16.19468967
Dengeli,21,8370,284,1599936449,16.41208503
Dengeli,21,8400,286,1524622056,16.61094937
Dengeli,21,8401,265,1577365229,16.61094937
Dengeli,21,8430,267,1797789288,16.83393254
Dengeli,21,8460,266,2035137563,17.05257231
Dengeli,21,8490,267,2158785367,17.28148377
Dengeli,21,8520,267,2244615360,17.50593636
Dengeli,21,8550,269,1931242617,17.74093372
Dengeli,21,8580,270,2217839557,17.97908565
Dengeli,21,8610,271,2421514635,18.21259871
Dengeli,21,8640,272,2352778064,18.21259871
Dengeli,21,8670,273,2544627448,18.45708221
Dengeli,21,8700,273,2683785004,18.69680351
Dengeli,21,8730,274,1840170922,18.94778691
Dengeli,21,8760,275,2134725840,19.18814564
Dengeli,21,8766,273,2173659775,19.40786348
Dengeli,21,8790,274,2156633713,19.40786348
Dengeli,21,8820,273,2356304713,19.65405843
Dengeli,21,8850,273,2666595267,19.89528477
Dengeli,21,8880,274,2605693873,20.14766281
Dengeli,21,8910,275,2241773720,20.39494746
Dengeli,21,8940,275,2449671505,20.65366388
Dengeli,21,8970,275,2563411383,20.91566220
Dengeli,21,9000,276,2768282405,21.17237298
Dengeli,21,9030,276,3072660693,21.44095129
Dengeli,21,9060,277,2726036709,21.70410926
Dengeli,21,9090,278,2567127122,21.97943282
Dengeli,21,9120,279,2449677796,22.19201014
Dengeli,21,9132,278,2454833023,22.39273369
Dengeli,21,9150,278,2711100166,22.39273369
Dengeli,21,9180,277,2881103791,22.60930830
Dengeli,21,9210,278,2991957200,22.82089080
Dengeli,21,9240,280,2960528263,23.04160640
Dengeli,21,9270,282,2765922175,23.25723444
Dengeli,21,9300,281,2659993479,23.48217020
Dengeli,21,9330,282,3011440335,23.70928146
Dengeli,21,9360,284,2963943369,23.93115773
Dengeli,21,9390,285,2933193599,24.16261144
Dengeli,21,9420,286,3172970355,24.38873007
Dengeli,21,9450,287,3033669614,24.62460925
Dengeli,21,9480,289,3027099645,24.78609316
Dengeli,21,9497,288,2963154397,24.93285962
Dengeli,21,9510,289,2944884346,24.93285962
Dengeli,21,9540,290,3232684437,25.09636498
Dengeli,21,9570,290,3280767101,25.25561682
Dengeli,21,9600,291,2999670508,25.42123876
Dengeli,21,9630,292,3166401534,25.58255212
Dengeli,21,9660,292,3073897905,25.75031805
Dengeli,21,9690,293,3258650868,25.91918416
Dengeli,21,9720,293,3423106208,26.08365729
Dengeli,21,9750,294,3232184750,26.25470938
Dengeli,21,9780,294,3393824614,26.42131163
Dengeli,21,9810,294,3585947502,26.59457800
Dengeli,21,9840,295,2882703273,26.76898062
Dengeli,21,9862,296,2879853500,26.92748839
Dengeli,21,9870,296,2864438594,26.92748839
Dengeli,21,9900,295,2956110700,27.10407418
Dengeli,21,9930,294,3387032775,27.27606616
Dengeli,21,9960,295,3638098063,27.45493786
Dengeli,21,9990,296,3315673092,27.62915629
Dengeli,21,10020,297,3124519240,27.81034350
Dengeli,21,10050,296,3284484255,27.99271890
Dengeli,21,10080,296,3460498520,28.17034988
Dengeli,21,10110,299,3627023491,28.35508613
Dengeli,21,10140,300,3575020970,28.53501656
Dengeli,21,10170,300,3689766167,28.72214423
Dengeli,21,10200,300,3347886425,28.91049906
Dengeli,21,10227,302,3382000048,29.08168746
Dengeli,21,10230,302,3335961729,29.08168746
Dengeli,21,10260,303,3490756485,29.27240011
Dengeli,21,10290,304,3443299199,29.45815146
Dengeli,21,10320,306,3631123621,29.65133289
Dengeli,21,10350,305,3640674813,29.83948880
Dengeli,21,10380,306,3468653545,30.03517098
Dengeli,21,10410,308,3552180793,30.23213641
Dengeli,21,10440,310,3533877039,30.42397787
Dengeli,21,10470,311,3474571286,30.62349302
Dengeli,21,10500,312,3784558115,30.81781788
Dengeli,21,10530,312,4075026179,31.01991577
Dengeli,21,10560,312,3267556338,31.22333899
Dengeli,21,10590,313,3042309349,31.41484565
Dengeli,21,10593,297,3062293532,31.41484565
Dengeli,21,10620,299,3550595314,31.62085875
Dengeli,21,10650,299,3677720135,31.82151250
Dengeli,21,10680,299,3855994058,32.03019245
Dengeli,21,10710,299,3859285936,32.23344368
Dengeli,21,10740,301,3333987323,32.23344368
Dengeli,21,10770,301,4036285459,32.44482500
Dengeli,21,10800,301,4379251688,32.65759252
Dengeli,21,10830,303,3817372443,32.86482498
Dengeli,21,10860,305,3790762357,33.08034679
Dengeli,21,10890,307,4512978182,33.29026189
Dengeli,21,10920,308,3974300125,33.50857365
Dengeli,21,10950,309,3423572270,33.72831705
Dengeli,21,10958,306,3535782861,33.92803330
Atak,21,30,0,0,1.00592004
Atak,21,60,0,0,1.01307036
Atak,21,90,0,0,1.02051243
Atak,21,120,0,0,1.02776648
Atak,21,150,0,0,1.03531650
Atak,21,180,0,0,1.04292199
Atak,21,210,0,0,1.05033534
Atak,21,240,0,0,1.05805116
Atak,21,270,0,0,1.06557204
Atak,21,300,2,624370,1.06557204
Atak,21,330,2,715376,1.07339979
Atak,21,360,2,717953,1.07958568
Atak,21,366,2,720157,1.08540474
Atak,21,390,4,1730043,1.08540474
Atak,21,420,4,1980328,1.09165981
Atak,21,450,4,1907389,1.09774743
Atak,21,480,4,2035840,1.10407363
Atak,21,510,4,2306019,1.11023047
Atak,21,540,7,4648706,1.11662861
Atak,21,570,10,8587934,1.12306362
Atak,21,600,10,10009581,1.12932636
Atak,21,630,10,10439282,1.13583454
Atak,21,660,10,10185450,1.14216850
Atak,21,690,10,10364863,1.14875069
Atak,21,720,10,10368620,1.15582838
Atak,21,731,12,12826294,1.16225861
Atak,21,750,14,16014996,1.16225861
Atak,21,780,19,24361117,1.16941952
Atak,21,810,19,26086912,1.17639144
Atak,21,840,19,27392323,1.18363943
Atak,21,870,19,27968278,1.19069613
Atak,21,900,19,29030062,1.19803225
Atak,21,930,19,33105385,1.20541358
Atak,21,960,19,35031811,1.21260009
Atak,21,990,19,38621419,1.22007117
Atak,21,1020,19,40840853,1.22734507
Atak,21,1050,20,40248740,1.23490699
Atak,21,1080,20,36970336,1.24300530
Atak,21,1096,20,36405435,1.25036554
Atak,21,1110,20,36546506,1.25036554
Atak,21,1140,22,41357632,1.25856522
Atak,21,1170,23,45411777,1.26655158
Atak,21,1200,24,48952746,1.27485741
Atak,21,1230,25,50991569,1.28294716
Atak,21,1260,26,51999229,1.29136051
Atak,21,1290,26,52944581,1.29982902
Atak,21,1320,28,61812924,1.30807724
Atak,21,1350,28,69272757,1.31665538
Atak,21,1380,30,80286279,1.32501037
Atak,21,1410,30,75690344,1.33369955
Atak,21,1440,31,72216071,1.34297246
Atak,21,1461,31,71546545,1.35140339
Atak,21,1470,31,73088094,1.35140339
Atak,21,1500,31,74470432,1.36079939
Atak,21,1530,36,89687147,1.36995449
Atak,21,1560,36,91586416,1.37947947
Atak,21,1590,37,94861248,1.38876024
Atak,21,1620,39,93000646,1.39841597
Atak,21,1650,41,97476187,1.40813883
Atak,21,1680,43,107496945,1.41761242
Atak,21,1710,45,124308957,1.42746875
Atak,21,1740,47,148878671,1.43707238
Atak,21,1770,49,154737118,1.44706402
Atak,21,1800,50,133969257,1.45769422
Atak,21,1827,51,125068237,1.46770930
Atak,21,1830,51,124221757,1.46770930
Atak,21,1860,51,122824608,1.47849117
Atak,21,1890,55,134637400,1.48900064
Atak,21,1920,71,162672177,1.49993892
Atak,21,1950,72,159933317,1.51060085
Atak,21,1980,74,160249193,1.52169780
Atak,21,2010,76,154515377,1.53287627
Atak,21,2040,79,161353364,1.54377233
Atak,21,2070,84,176529151,1.55511296
Atak,21,2100,92,211381280,1.56616708
Atak,21,2130,103,230501722,1.57767223
Atak,21,2160,105,182749152,1.59171801
Atak,21,2190,106,168810121,1.60451197
Atak,21,2192,106,169032870,1.60451197
Atak,21,2220,106,178648255,1.61879670
Atak,21,2250,109,188702352,1.63274170
Atak,21,2280,119,215925894,1.64727776
Atak,21,2310,120,229393860,1.66146811
Atak,21,2340,123,217179518,1.67625992
Atak,21,2370,126,226730278,1.67625992
Atak,21,2400,125,209422988,1.69118341
Atak,21,2430,129,209680655,1.70575198
Atak,21,2460,138,258455923,1.72093804
Atak,21,2490,139,280804773,1.73576294
Atak,21,2520,143,239528445,1.75121617
Atak,21,2550,147,219435390,1.76680699
Atak,21,2557,145,222971593,1.78100828
Atak,21,2580,145,228931477,1.78100828
Atak,21,2610,143,231035047,1.79686433
Atak,21,2640,153,263691721,1.81234329
Atak,21,2670,161,289750667,1.82847831
Atak,21,2700,164,249064415,1.84422961
Atak,21,2730,165,255437196,1.86064851
Atak,21,2760,159,259030619,1.87721358
Atak,21,2790,166,264738991,1.89338470
Atak,21,2820,170,317640817,1.91024122
Atak,21,2850,178,348881063,1.92669686
Atak,21,2880,184,292007517,1.94384995
Atak,21,2910,186,230136344,1.96706131
Atak,21,2922,182,219395250,1.98826455
Atak,21,2940,182,232189261,1.98826455
Atak,21,2970,176,247938951,2.01200627
Atak,21,3000,188,299221618,2.03525201
Atak,21,3030,195,316099100,2.05955480
Atak,21,3060,204,278240385,2.08334990
Atak,21,3090,207,267850299,2.10822702
Atak,21,3120,199,237663567,2.13340119
Atak,21,3150,199,175224422,2.15804947
Atak,21,3180,209,193044884,2.18381858
Atak,21,3210,199,240093221,2.20904936
Atak,21,3240,198,237808469,2.23542744
Atak,21,3270,197,204787620,2.26212051
Atak,21,3288,199,191875103,2.28737993
Atak,21,3300,204,187809781,2.28737993
Atak,21,3330,193,202096044,2.31469335
Atak,21,3360,189,216607377,2.34143620
Atak,21,3390,191,220175919,2.36939511
Atak,21,3420,203,229913704,2.39676995
Atak,21,3450,205,245920179,2.42538959
Atak,21,3480,208,263496123,2.45435098
Atak,21,3510,209,277890718,2.48270737
Atak,21,3540,211,279449282,2.51235318
Atak,21,3570,212,303288053,2.54137969
Atak,21,3600,217,304053326,2.57172611
Atak,21,3630,220,272528446,2.59659894
Atak,21,3653,222,268446082,2.61927142
Atak,21,3660,223,274182220,2.61927142
Atak,21,3690,226,306657822,2.64460409
Atak,21,3720,225,293918602,2.66935283
Atak,21,3750,227,205742508,2.69516987
Atak,21,3780,230,199295625,2.72039182
Atak,21,3810,202,261365898,2.74670249
Atak,21,3840,203,297817719,2.77326762
Atak,21,3870,203,318690380,2.79922042
Atak,21,3900,204,316221123,2.82629350
Atak,21,3930,208,320629835,2.85274253
Atak,21,3960,211,290487757,2.88033324
Atak,21,3990,210,233179759,2.92320353
Atak,21,4018,208,199022155,2.96247325
Atak,21,4020,209,203411986,2.96247325
Atak,21,4050,206,217982709,3.00656609
Atak,21,4080,204,235921860,3.04986133
Atak,21,4110,203,174146260,3.09525484
Atak,21,4140,205,304946983,3.13982722
Atak,21,4170,204,338668478,3.18655976
Atak,21,4200,202,373740324,3.23398786
Atak,21,4230,203,398547276,3.28055803
Atak,21,4260,202,399403422,3.32938518
Atak,21,4290,202,420403799,3.37732909
Atak,21,4320,206,421963933,3.42759656
Atak,21,4350,210,335985179,3.50483098
Atak,21,4380,211,351805935,3.57608587
Atak,21,4383,206,356441400,3.57608587
Atak,21,4410,209,372846807,3.65666622
Atak,21,4440,210,390355486,3.73637559
Atak,21,4470,209,460745832,3.82056776
Atak,21,4500,211,503432702,3.90384993
Atak,21,4530,212,418569415,3.90384993
Atak,21,4560,214,441184206,3.99181582
Atak,21,4590,216,495857041,4.08176385
Atak,21,4620,216,507572670,4.17073967
Atak,21,4650,216,497944661,4.26471941
Atak,21,4680,218,542556724,4.35768336
Atak,21,4710,221,484515187,4.45587553
Atak,21,4740,226,463358420,4.55628027
Atak,21,4749,221,475445333,4.65225450
Atak,21,4770,224,508908078,4.65225450
Atak,21,4800,221,555860956,4.75708428
Atak,21,4830,220,593189265,4.86078098
Atak,21,4860,223,594966119,4.97030950
Atak,21,4890,227,513353525,5.07865416
Atak,21,4920,229,544535505,5.19309205
Atak,21,4950,226,625603426,5.31010858
Atak,21,4980,227,646272008,5.42586031
Atak,21,5010,227,706052827,5.54812183
Atak,21,5040,230,747559976,5.66906186
Atak,21,5070,233,597483456,5.79680347
Atak,21,5100,233,624473716,5.90771165
Atak,21,5114,228,662146789,6.00970955
Atak,21,5130,230,711110203,6.00970955
Atak,21,5160,233,716094463,6.12469119
Atak,21,5190,231,802767064,6.23805792
Atak,21,5220,231,838702100,6.35740847
Atak,21,5250,233,763912151,6.47508275
Atak,21,5280,236,761628790,6.59896821
Atak,21,5310,240,803860781,6.72522393
Atak,21,5340,240,875714044,6.84970639
Atak,21,5370,240,886454224,6.98075940
Atak,21,5400,241,984713865,7.10997177
Atak,21,5430,245,966287110,7.24600434
Atak,21,5460,248,891956414,7.32709132
Atak,21,5479,250,916653013,7.40111083
Atak,21,5490,251,964434724,7.40111083
Atak,21,5520,252,963454935,7.48393355
Atak,21,5550,253,1029330233,7.56496693
Atak,21,5580,254,1026227364,7.64962329
Atak,21,5610,257,909079876,7.73245070
Atak,21,5640,259,879728538,7.81898130
Atak,21,5670,259,996890328,7.90648023
Atak,21,5700,262,1042659381,7.99208879
Atak,21,5730,261,1027208409,8.08152489
Atak,21,5760,263,1062058081,8.16902878
Atak,21,5790,267,999870063,8.26044494
Atak,21,5820,268,873729800,8.34033705
Atak,21,5844,269,966250931,8.41316160
Atak,21,5850,270,926683331,8.41316160
Atak,21,5880,263,1013727240,8.49453073
Atak,21,5910,263,1119588364,8.57402427
Atak,21,5940,263,1145053442,8.65694921
Atak,21,5970,265,1119303949,8.73796270
Atak,21,6000,270,1075735355,8.82247319
Atak,21,6030,273,1120887093,8.90780103
Atak,21,6060,272,1131611261,8.99116205
Atak,21,6090,269,1157188404,9.07812139
Atak,21,6120,267,1239143431,9.16307630
Atak,21,6150,271,1267296204,9.25169834
Atak,21,6180,274,1114371649,9.32689326
Atak,21,6210,275,1036148810,9.39779009
Atak,21,6240,276,1062212874,9.47417241
Atak,21,6270,274,1318701297,9.54868182
Atak,21,6300,276,1269307475,9.62629054
Atak,21,6330,278,1173179571,9.70199628
Atak,21,6360,278,1123977151,9.78085109
Atak,21,6390,281,1264965688,9.86034680
Atak,21,6420,287,1366100172,9.93789328
Atak,21,6450,287,1338649977,10.01866538
Atak,21,6480,287,1453558444,10.09745695
Atak,21,6510,289,1548444899,10.09745695
Atak,21,6540,293,1280611850,10.17952594
Atak,21,6570,296,1229612533,10.32231994
Atak,21,6575,293,1235722801,10.32231994
Atak,21,6600,296,1237709570,10.32231994
Atak,21,6630,298,1314038234,10.39814825
Atak,21,6660,298,1345259761,10.47206081
Atak,21,6690,300,1373015886,10.54898912
Atak,21,6720,299,1222121376,10.62397389
Atak,21,6750,295,1346945306,10.70201816
Atak,21,6780,298,1512447092,10.78063575
Atak,21,6810,297,1626144443,10.85726712
Atak,21,6840,298,1609683014,10.93702518
Atak,21,6870,299,1572898646,11.01476821
Atak,21,6900,299,1565842774,11.09568327
Atak,21,6930,301,1393728857,11.16844684
Atak,21,6940,301,1346263457,11.23457881
Atak,21,6960,304,1390515449,11.23457881
Atak,21,6990,303,1479886150,11.30825323
Atak,21,7020,305,1547729177,11.38001104
Atak,21,7050,307,1589411855,11.45463917
Atak,21,7080,307,1548428786,11.52732588
Atak,21,7110,307,1503953583,11.60292008
Atak,21,7140,311,1546849590,11.67901002
Atak,21,7170,314,1513695308,11.75312050
Atak,21,7200,311,1666456281,11.83019542
Atak,21,7230,310,1845154435,11.90526527
Atak,21,7260,311,1582732217,11.98333793
Atak,21,7290,315,1460210388,12.06192258
Atak,21,7305,315,1505210087,12.13334512
Atak,21,7320,317,1524266080,12.13334512
Atak,21,7350,318,1602387463,12.21291349
Atak,21,7380,319,1718563312,12.29041192
Atak,21,7410,319,1652880215,12.37101030
Atak,21,7440,317,1506621553,12.44951196
Atak,21,7470,316,1558355665,12.53115369
Atak,21,7500,320,1661014544,12.61333082
Atak,21,7530,321,1631766331,12.69337014
Atak,21,7560,319,1734615818,12.77661106
Atak,21,7590,321,1732423996,12.85768650
Atak,21,7620,324,1514449530,12.94200497
Atak,21,7650,325,1466399844,13.05722570
Atak,21,7671,324,1558367672,13.16594132
Atak,21,7680,325,1558314200,13.16594132
Atak,21,7710,321,1750117303,13.28315572
Atak,21,7740,321,1762422954,13.39758251
Atak,21,7770,325,1685476540,13.51685918
Atak,21,7800,325,1497946016,13.63329919
Atak,21,7830,325,1388576688,13.75467441
Atak,21,7860,320,1513088980,13.87713021
Atak,21,7890,314,1532620237,13.99667375
Atak,21,7920,313,1606828148,14.12128404
Atak,21,7950,310,1866552538,14.24293083
Atak,21,7980,310,1726016805,14.36973351
Atak,21,8010,313,1452137771,14.51639210
Atak,21,8036,316,1521464393,14.65014405
Atak,21,8040,317,1744917340,14.65014405
Atak,21,8070,318,1593304670,14.79966454
Atak,21,8100,314,1856424063,14.94581460
Atak,21,8130,312,1872032402,15.09835272
Atak,21,8160,312,1868429318,15.24745240
Atak,21,8190,314,1793322951,15.40306906
Atak,21,8220,316,1788927374,15.56027396
Atak,21,8250,318,2007764013,15.71393521
Atak,21,8280,318,2068455972,15.87431283
Atak,21,8310,315,2120597961,16.03107529
Atak,21,8340,316,2292266622,16.19468967
Atak,21,8370,320,1715017144,16.41208503
Atak,21,8400,320,1654869757,16.61094937
Atak,21,8401,307,1704054269,16.61094937
Atak,21,8430,311,1814509816,16.83393254
Atak,21,8460,310,2020551363,17.05257231
Atak,21,8490,307,2170216531,17.28148377
Atak,21,8520,307,2184238502,17.50593636
Atak,21,8550,310,1807439412,17.74093372
Atak,21,8580,312,2120088913,17.97908565
Atak,21,8610,311,2415946310,18.21259871
Atak,21,8640,311,2352096791,18.21259871
Atak,21,8670,309,2598990340,18.45708221
Atak,21,8700,309,2699970809,18.69680351
Atak,21,8730,311,1952310139,18.94778691
Atak,21,8760,314,2144946150,19.18814564
Atak,21,8766,311,2180560511,19.40786348
Atak,21,8790,313,2134387443,19.40786348
Atak,21,8820,311,2372865505,19.65405843
Atak,21,8850,309,2709625636,19.89528477
Atak,21,8880,309,2591714706,20.14766281
Atak,21,8910,309,2197589208,20.39494746
Atak,21,8940,313,2379157065,20.65366388
Atak,21,8970,315,2524345552,20.91566220
Atak,21,9000,312,2838064850,21.17237298
Atak,21,9030,310,3162887659,21.44095129
Atak,21,9060,310,2898348783,21.70410926
Atak,21,9090,310,2623877113,21.97943282
Atak,21,9120,314,2460459205,22.19201014
Atak,21,9132,316,2400839634,22.39273369
Atak,21,9150,318,2618548088,22.39273369
Atak,21,9180,317,2815414570,22.60930830
Atak,21,9210,313,2968269265,22.82089080
Atak,21,9240,311,2989955745,23.04160640
Atak,21,9270,312,2750065203,23.25723444
Atak,21,9300,316,2550398013,23.48217020
Atak,21,9330,316,2976626053,23.70928146
Atak,21,9360,316,3045095623,23.93115773
Atak,21,9390,315,3013443415,24.16261144
Atak,21,9420,313,3341893239,24.38873007
Atak,21,9450,313,3171650672,24.62460925
Atak,21,9480,316,3121324711,24.78609316
Atak,21,9497,317,3007743643,24.93285962
Atak,21,9510,318,2961719153,24.93285962
Atak,21,9540,319,3212390409,25.09636498
Atak,21,9570,320,3267145287,25.25561682
Atak,21,9600,319,3219577069,25.42123876
Atak,21,9630,318,3215787194,25.58255212
Atak,21,9660,319,3050750007,25.75031805
Atak,21,9690,321,3270321678,25.91918416
Atak,21,9720,321,3462917071,26.08365729
Atak,21,9750,321,3273552238,26.25470938
Atak,21,9780,318,3458372907,26.42131163
Atak,21,9810,322,3570428534,26.59457800
Atak,21,9840,325,2903690681,26.76898062
Atak,21,9862,323,2931262244,26.92748839
Atak,21,9870,324,2906383108,26.92748839
Atak,21,9900,321,2991724251,27.10407418
Atak,21,9930,317,3426015484,27.27606616
Atak,21,9960,318,3634795225,27.45493786
Atak,21,9990,321,3189253822,27.62915629
Atak,21,10020,321,3017639378,27.81034350
Atak,21,10050,320,3229402357,27.99271890
Atak,21,10080,321,3473942567,28.17034988
Atak,21,10110,318,3691223944,28.35508613
Atak,21,10140,317,3675281528,28.53501656
Atak,21,10170,319,3767957998,28.72214423
Atak,21,10200,324,3337541396,28.91049906
Atak,21,10227,325,3317423627,29.08168746
Atak,21,10230,326,3265480776,29.08168746
Atak,21,10260,322,3545772666,29.27240011
Atak,21,10290,318,3520535162,29.45815146
Atak,21,10320,321,3720941038,29.65133289
Atak,21,10350,324,3628776552,29.83948880
Atak,21,10380,325,3411174088,30.03517098
Atak,21,10410,323,3572562350,30.23213641
Atak,21,10440,323,3715242948,30.42397787
Atak,21,10470,322,3657734216,30.62349302
Atak,21,10500,320,3973633386,30.81781788
Atak,21,10530,323,4235625830,31.01991577
Atak,21,10560,326,3402055861,31.22333899
Atak,21,10590,326,3234411342,31.41484565
Atak,21,10593,321,3231595194,31.41484565
Atak,21,10620,324,3520089828,31.62085875
Atak,21,10650,319,3620403665,31.82151250
Atak,21,10680,315,3892741312,32.03019245
Atak,21,10710,316,3785416933,32.23344368
Atak,21,10740,320,3176467845,32.23344368
Atak,21,10770,322,3848773772,32.44482500
Atak,21,10800,320,4220120517,32.65759252
Atak,21,10830,318,3764710833,32.86482498
Atak,21,10860,317,3791189182,33.08034679
Atak,21,10890,317,4656706814,33.29026189
Atak,21,10920,320,4065740906,33.50857365
Atak,21,10950,321,3467149365,33.72831705
Atak,21,10958,318,3593325413,33.92803330
