tarz,tohum,fark_gun,fark_kurus,mutlak_fark_kurus,hedef,tamamlanan,kutlama,sakin_olay,ertelenen_kotu,sikici_donem,en_uzun_sessizlik,kapanma,rakip_alimi,bizim_alim
Temkinli,21,0,0,0,702,277,557,2,14,0,19,0,4,0
Temkinli,22,0,0,0,711,282,540,1,18,0,19,0,4,0
Temkinli,23,0,0,0,716,285,545,1,17,0,19,0,3,0
Dengeli,21,0,0,0,710,264,516,6,14,0,19,0,2,0
Dengeli,22,0,0,0,712,299,549,2,19,0,19,0,12,0
Dengeli,23,0,0,0,708,273,530,2,15,0,19,0,8,0
Atak,21,0,0,0,710,267,468,0,14,0,19,0,5,4
Atak,22,0,0,0,710,260,457,1,19,0,19,0,7,4
Atak,23,0,0,0,714,266,477,3,15,0,19,0,9,1
