tarz,tohum,yil,gun,not,sirket_borcu_kurus,favok_kurus,borc_favok,faiz_kurus,limit_kullanimi_kurus,limit_kurus,bagli_sirket,bagli_magaza
Temkinli,21,1,366,B,0,5299578,0.0000,0,0,0,0,0
Temkinli,21,2,731,B+,0,8587733,0.0000,0,0,0,0,0
Temkinli,21,3,1096,A,0,12734427,0.0000,0,0,0,0,0
Temkinli,21,4,1461,A,0,22555855,0.0000,0,0,0,0,0
Temkinli,21,5,1827,A,0,73515153,0.0000,0,0,0,0,0
Temkinli,21,6,2192,A+,0,261458106,0.0000,0,0,0,0,0
Temkinli,21,7,2557,A+,0,534826870,0.0000,0,0,0,0,0
Temkinli,21,8,2922,A+,0,1349995468,0.0000,0,0,0,0,0
Temkinli,21,9,3288,A+,0,1698970820,0.0000,0,0,0,0,0
Temkinli,21,10,3653,A+,0,1923105473,0.0000,0,0,0,0,0
Temkinli,22,1,366,B,0,4797135,0.0000,0,0,0,0,0
Temkinli,22,2,731,B+,0,6850532,0.0000,0,0,0,0,0
Temkinli,22,3,1096,A,0,13708955,0.0000,0,0,0,0,0
Temkinli,22,4,1461,A,0,18994389,0.0000,0,0,0,0,0
Temkinli,22,5,1827,A,0,52043207,0.0000,0,0,0,0,0
Temkinli,22,6,2192,A+,0,182942230,0.0000,0,0,0,0,0
Temkinli,22,7,2557,A+,0,360931267,0.0000,0,0,0,0,0
Temkinli,22,8,2922,A+,0,926670838,0.0000,0,0,0,0,0
Temkinli,22,9,3288,A+,0,1320588362,0.0000,0,0,0,0,0
Temkinli,22,10,3653,A+,0,2306945000,0.0000,0,0,0,0,0
Temkinli,23,1,366,B,0,4359506,0.0000,0,0,0,0,0
Temkinli,23,2,731,B+,0,7142031,0.0000,0,0,0,0,0
Temkinli,23,3,1096,A,0,10639822,0.0000,0,0,0,0,0
Temkinli,23,4,1461,A,0,12252212,0.0000,0,0,0,0,0
Temkinli,23,5,1827,A,0,11199402,0.0000,0,0,0,0,0
Temkinli,23,6,2192,A,0,13201462,0.0000,0,0,0,0,0
Temkinli,23,7,2557,A,0,24981207,0.0000,0,0,0,0,0
Temkinli,23,8,2922,A,0,31623553,0.0000,0,0,0,0,0
Temkinli,23,9,3288,A,0,69804163,0.0000,0,0,0,0,0
Temkinli,23,10,3653,A+,0,230234183,0.0000,0,0,0,0,0
Dengeli,21,1,366,B+,8899771,3311441,2.6876,116250,0,6420000,0,0
Dengeli,21,2,731,B+,8046776,7302918,1.1019,1371098,0,26190000,0,0
Dengeli,21,3,1096,A+,6710496,15589658,0.4304,2558002,0,38310000,0,0
Dengeli,21,4,1461,A,5739490,22519584,0.2549,3505015,0,53760000,0,0
Dengeli,21,5,1827,A+,4460339,16707302,0.2670,4358156,0,57960000,0,0
Dengeli,21,6,2192,A,3855198,27104319,0.1422,5037362,0,80770000,0,0
Dengeli,21,7,2557,A+,3106631,61860412,0.0502,5724559,0,127800000,0,0
Dengeli,21,8,2922,A+,2198313,208751534,0.0105,6252005,0,308240000,0,0
Dengeli,21,9,3288,A+,1715974,437444425,0.0039,6646483,0,683410000,0,0
Dengeli,21,10,3653,A+,1475089,823036457,0.0018,6979991,0,1333110000,0,0
Dengeli,22,1,366,B+,8250802,3512948,2.3487,216820,0,6500000,0,0
Dengeli,22,2,731,B+,7453420,7179677,1.0381,1379329,0,29000000,0,0
Dengeli,22,3,1096,A,6607522,11612308,0.5690,2328685,0,37750000,0,0
Dengeli,22,4,1461,A+,5611763,12662435,0.4432,3248126,0,40670000,0,0
Dengeli,22,5,1827,A,4505110,13309196,0.3385,4018252,0,45330000,0,0
Dengeli,22,6,2192,A,3786289,15062670,0.2514,4746606,0,59850000,0,0
Dengeli,22,7,2557,D,3456335,-1935708,99.0000,5509149,0,0,0,0
Dengeli,22,8,2922,D,0,-13785662,0.0000,5803871,0,0,0,0
Dengeli,22,9,3288,D,0,3111708,0.0000,5803871,0,0,0,0
Dengeli,22,10,3653,D,0,5244053,0.0000,5803871,0,0,0,0
Dengeli,23,1,366,B+,8385562,2908199,2.8834,109533,0,6360000,0,0
Dengeli,23,2,731,B+,7617748,8339664,0.9134,1318943,0,27660000,0,0
Dengeli,23,3,1096,A+,6110527,16066759,0.3803,2465258,0,41060000,0,0
Dengeli,23,4,1461,A+,5195110,20830331,0.2494,3233919,0,55410000,0,0
Dengeli,23,5,1827,A+,4459287,15091457,0.2955,4014648,0,59840000,0,0
Dengeli,23,6,2192,C,3863124,-753091,99.0000,4763985,0,0,0,0
Dengeli,23,7,2557,A+,2291111,6742747,0.3398,5468499,0,70160000,0,0
Dengeli,23,8,2922,D,0,-22645930,0.0000,5868955,0,0,0,0
Dengeli,23,9,3288,D,0,5920360,0.0000,5868955,0,0,0,0
Dengeli,23,10,3653,D,0,6771728,0.0000,5868955,0,0,0,0
Atak,21,1,366,B+,8178561,6065983,1.3483,584674,0,11310000,0,0
Atak,21,2,731,B+,104629951,53811444,1.9444,7213688,0,93090000,0,0
Atak,21,3,1096,A+,89192709,331353562,0.2692,21994316,0,421570000,0,0
Atak,21,4,1461,A+,78771726,610390241,0.1291,33467788,0,833870000,0,0
Atak,21,5,1827,A+,70105597,1112783977,0.0630,44279071,0,1647780000,0,0
Atak,21,6,2192,A+,61330712,1552995588,0.0395,55038573,0,2817490000,0,0
Atak,21,7,2557,A+,52696705,2080331486,0.0253,65275116,0,4057960000,0,0
Atak,21,8,2922,A+,47360957,2363978894,0.0200,74122970,0,5516360000,0,0
Atak,21,9,3288,A+,42946026,984689214,0.0436,83154384,0,6408780000,0,0
Atak,21,10,3653,A+,37326608,961791967,0.0388,91569152,0,5553540000,0,0
Atak,22,1,366,B+,8861758,7496595,1.1821,633517,0,12310000,0,0
Atak,22,2,731,A,130946502,106119760,1.2340,10623525,0,145100000,0,0
Atak,22,3,1096,A+,116167456,414676907,0.2801,28956792,0,529260000,0,0
Atak,22,4,1461,A+,99358050,781234142,0.1272,45350809,0,1040700000,0,0
Atak,22,5,1827,A+,88484977,1244178446,0.0711,59290699,0,1828340000,0,0
Atak,22,6,2192,A+,77471213,1632138708,0.0475,72785892,0,3029610000,0,0
Atak,22,7,2557,A+,69884291,713940893,0.0979,87932800,0,3891890000,0,0
Atak,22,8,2922,A+,61039367,866573470,0.0704,102174420,0,3839650000,0,0
Atak,22,9,3288,A+,54517253,799916695,0.0682,111849094,0,4303930000,0,0
Atak,22,10,3653,A+,49502776,1299479022,0.0381,122502069,0,4809700000,0,0
Atak,23,1,366,B+,8891461,7415722,1.1990,635638,0,13160000,0,0
Atak,23,2,731,A,114080317,118323562,0.9641,10123036,0,149780000,0,0
Atak,23,3,1096,A+,100933916,395197824,0.2554,24258684,0,523270000,0,0
Atak,23,4,1461,A+,89408924,732845679,0.1220,37521177,0,993510000,1,1
Atak,23,5,1827,A+,79572537,1306077936,0.0609,49792395,0,1814010000,1,1
Atak,23,6,2192,A+,70643728,1048223094,0.0674,64722774,0,2988540000,1,1
Atak,23,7,2557,A+,63665972,1242628491,0.0512,76972515,0,3489140000,1,1
Atak,23,8,2922,A+,57381032,896915220,0.0640,88049404,0,3973320000,1,1
Atak,23,9,3288,A+,50086264,1287548262,0.0389,101554963,0,4440150000,1,1
Atak,23,10,3653,A+,47086206,1713597680,0.0275,116644432,0,5963760000,1,1
