tarz,tohum,gun,olgun_sube,kar30_kurus,liste_duzeyi
Temkinli,21,30,0,0,1.00592004
Temkinli,21,60,0,0,1.01307036
Temkinli,21,90,0,0,1.02051243
Temkinli,21,120,0,0,1.02776648
Temkinli,21,150,0,0,1.03531650
Temkinli,21,180,0,0,1.04292199
Temkinli,21,210,0,0,1.05033534
Temkinli,21,240,0,0,1.05805116
Temkinli,21,270,0,0,1.06557204
Temkinli,21,300,0,0,1.06557204
Temkinli,21,330,0,0,1.07339979
Temkinli,21,360,0,0,1.07958568
Temkinli,21,366,0,0,1.08540474
Temkinli,21,390,0,0,1.08540474
Temkinli,21,420,0,0,1.09165981
Temkinli,21,450,0,0,1.09774743
Temkinli,21,480,0,0,1.10407363
Temkinli,21,510,1,238269,1.11023047
Temkinli,21,540,1,192552,1.11662861
Temkinli,21,570,1,203325,1.12306362
Temkinli,21,600,1,229098,1.12932636
Temkinli,21,630,2,427359,1.13583454
Temkinli,21,660,2,342425,1.14216850
Temkinli,21,690,2,405200,1.14875069
Temkinli,21,720,2,414081,1.15582838
Temkinli,21,731,3,618115,1.16225861
Temkinli,21,750,3,645124,1.16225861
Temkinli,21,780,3,695229,1.16941952
Temkinli,21,810,3,656081,1.17639144
Temkinli,21,840,4,746687,1.18363943
Temkinli,21,870,4,667275,1.19069613
Temkinli,21,900,5,937183,1.19803225
Temkinli,21,930,5,1260358,1.20541358
Temkinli,21,960,6,1511882,1.21260009
Temkinli,21,990,6,1652381,1.22007117
Temkinli,21,1020,6,1870558,1.22734507
Temkinli,21,1050,6,1821272,1.23490699
Temkinli,21,1080,6,1848691,1.24300530
Temkinli,21,1096,6,1801843,1.25036554
Temkinli,21,1110,6,1743301,1.25036554
Temkinli,21,1140,6,1631535,1.25856522
Temkinli,21,1170,6,1623697,1.26655158
Temkinli,21,1200,6,1478462,1.27485741
Temkinli,21,1230,6,1329002,1.28294716
Temkinli,21,1260,6,1268147,1.29136051
Temkinli,21,1290,6,1309947,1.29982902
Temkinli,21,1320,6,1522421,1.30807724
Temkinli,21,1350,6,1683885,1.31665538
Temkinli,21,1380,6,1684839,1.32501037
Temkinli,21,1410,6,1726055,1.33369955
Temkinli,21,1440,6,1708961,1.34297246
Temkinli,21,1461,6,1703033,1.35140339
Temkinli,21,1470,6,1766451,1.35140339
Temkinli,21,1500,6,1759567,1.36079939
Temkinli,21,1530,6,1827190,1.36995449
Temkinli,21,1560,6,1683419,1.37947947
Temkinli,21,1590,6,1481234,1.38876024
Temkinli,21,1620,6,1413678,1.39841597
Temkinli,21,1650,6,1546561,1.40813883
Temkinli,21,1680,6,1688212,1.41761242
Temkinli,21,1710,6,1802591,1.42746875
Temkinli,21,1740,6,1941295,1.43707238
Temkinli,21,1770,6,2033105,1.44706402
Temkinli,21,1800,6,1948366,1.45769422
Temkinli,21,1827,6,1846381,1.46770930
Temkinli,21,1830,6,1799990,1.46770930
Temkinli,21,1860,6,1613108,1.47849117
Temkinli,21,1890,6,1512534,1.48900064
Temkinli,21,1920,6,1434819,1.49993892
Temkinli,21,1950,6,1127919,1.51060085
Temkinli,21,1980,6,1369551,1.52169780
Temkinli,21,2010,6,1450330,1.53287627
Temkinli,21,2040,6,1664322,1.54377233
Temkinli,21,2070,6,1873233,1.55511296
Temkinli,21,2100,6,1922735,1.56616708
Temkinli,21,2130,6,1918118,1.57767223
Temkinli,21,2160,6,1740842,1.59171801
Temkinli,21,2190,6,1731421,1.60451197
Temkinli,21,2192,6,1715225,1.60451197
Temkinli,21,2220,6,1700571,1.61879670
Temkinli,21,2250,6,1600535,1.63274170
Temkinli,21,2280,6,1678619,1.64727776
Temkinli,21,2310,6,1568845,1.66146811
Temkinli,21,2340,6,1494926,1.67625992
Temkinli,21,2370,6,1455337,1.67625992
Temkinli,21,2400,6,1495577,1.69118341
Temkinli,21,2430,6,1632723,1.70575198
Temkinli,21,2460,6,1633631,1.72093804
Temkinli,21,2490,6,1811267,1.73576294
Temkinli,21,2520,6,1989993,1.75121617
Temkinli,21,2550,6,2060456,1.76680699
Temkinli,21,2557,6,2074545,1.78100828
Temkinli,21,2580,6,2088677,1.78100828
Temkinli,21,2610,6,1916864,1.79686433
Temkinli,21,2640,6,1978289,1.81234329
Temkinli,21,2670,6,1876597,1.82847831
Temkinli,21,2700,6,1490250,1.84422961
Temkinli,21,2730,6,1271216,1.86064851
Temkinli,21,2760,6,1818796,1.87721358
Temkinli,21,2790,6,2046641,1.89338470
Temkinli,21,2820,6,1910311,1.91024122
Temkinli,21,2850,6,2185605,1.92669686
Temkinli,21,2880,6,2221281,1.94384995
Temkinli,21,2910,6,2195608,1.96706131
Temkinli,21,2922,6,2080582,1.98826455
Temkinli,21,2940,6,2123710,1.98826455
Temkinli,21,2970,6,2183433,2.01200627
Temkinli,21,3000,6,2407325,2.03525201
Temkinli,21,3030,6,2241550,2.05955480
Temkinli,21,3060,6,1717846,2.08334990
Temkinli,21,3090,6,1313003,2.10822702
Temkinli,21,3120,6,1511050,2.13340119
Temkinli,21,3150,6,1382525,2.15804947
Temkinli,21,3180,6,1492103,2.18381858
Temkinli,21,3210,6,1715444,2.20904936
Temkinli,21,3240,6,1902894,2.23542744
Temkinli,21,3270,6,1887814,2.26212051
Temkinli,21,3288,6,1874673,2.28737993
Temkinli,21,3300,6,1875731,2.28737993
Temkinli,21,3330,6,1543712,2.31469335
Temkinli,21,3360,6,-3213349,2.34143620
Temkinli,21,3390,0,0,2.36939511
Temkinli,21,3420,0,0,2.39676995
Temkinli,21,3450,0,0,2.42538959
Temkinli,21,3480,0,0,2.45435098
Temkinli,21,3510,0,0,2.48270737
Temkinli,21,3540,0,0,2.51235318
Temkinli,21,3570,0,0,2.54137969
Temkinli,21,3600,0,0,2.57172611
Temkinli,21,3630,0,0,2.59659894
Temkinli,21,3653,0,0,2.61927142
Temkinli,22,30,0,0,1.00592004
Temkinli,22,60,0,0,1.01307036
Temkinli,22,90,0,0,1.02051243
Temkinli,22,120,0,0,1.02776648
Temkinli,22,150,0,0,1.03531650
Temkinli,22,180,0,0,1.04292199
Temkinli,22,210,0,0,1.05033534
Temkinli,22,240,0,0,1.05805116
Temkinli,22,270,0,0,1.06557204
Temkinli,22,300,0,0,1.06557204
Temkinli,22,330,0,0,1.07339979
Temkinli,22,360,0,0,1.07958568
Temkinli,22,366,0,0,1.08540474
Temkinli,22,390,0,0,1.08540474
Temkinli,22,420,0,0,1.09165981
Temkinli,22,450,0,0,1.09774743
Temkinli,22,480,0,0,1.10407363
Temkinli,22,510,0,0,1.11023047
Temkinli,22,540,0,0,1.11662861
Temkinli,22,570,1,221498,1.12306362
Temkinli,22,600,1,227355,1.12932636
Temkinli,22,630,1,213948,1.13583454
Temkinli,22,660,1,232206,1.14216850
Temkinli,22,690,1,242307,1.14875069
Temkinli,22,720,2,416021,1.15582838
Temkinli,22,731,2,418787,1.16225861
Temkinli,22,750,2,442794,1.16225861
Temkinli,22,780,2,466651,1.16941952
Temkinli,22,810,3,745660,1.17639144
Temkinli,22,840,3,712907,1.18363943
Temkinli,22,870,4,847442,1.19069613
Temkinli,22,900,4,874746,1.19803225
Temkinli,22,930,5,1324442,1.20541358
Temkinli,22,960,5,1264075,1.21260009
Temkinli,22,990,5,1341721,1.22007117
Temkinli,22,1020,6,1703539,1.22734507
Temkinli,22,1050,6,1801518,1.23490699
Temkinli,22,1080,6,1802335,1.24300530
Temkinli,22,1096,6,1781567,1.25036554
Temkinli,22,1110,6,1743842,1.25036554
Temkinli,22,1140,6,1774639,1.25856522
Temkinli,22,1170,6,1713043,1.26655158
Temkinli,22,1200,6,1438560,1.27485741
Temkinli,22,1230,6,1264961,1.28294716
Temkinli,22,1260,7,1276803,1.29136051
Temkinli,22,1290,7,1587831,1.29982902
Temkinli,22,1320,7,1949063,1.30807724
Temkinli,22,1350,7,2159613,1.31665538
Temkinli,22,1380,7,2157086,1.32501037
Temkinli,22,1410,7,2133414,1.33369955
Temkinli,22,1440,7,2107937,1.34297246
Temkinli,22,1461,7,2023434,1.35140339
Temkinli,22,1470,7,1983194,1.35140339
Temkinli,22,1500,7,1848363,1.36079939
Temkinli,22,1530,7,1952496,1.36995449
Temkinli,22,1560,7,1943764,1.37947947
Temkinli,22,1590,7,1782632,1.38876024
Temkinli,22,1620,7,1529638,1.39841597
Temkinli,22,1650,7,1638096,1.40813883
Temkinli,22,1680,7,1900130,1.41761242
Temkinli,22,1710,7,2053481,1.42746875
Temkinli,22,1740,7,2095121,1.43707238
Temkinli,22,1770,7,2169841,1.44706402
Temkinli,22,1800,7,2085826,1.45769422
Temkinli,22,1827,7,2119611,1.46770930
Temkinli,22,1830,7,2080529,1.46770930
Temkinli,22,1860,7,1973591,1.47849117
Temkinli,22,1890,7,1926567,1.48900064
Temkinli,22,1920,7,1687117,1.49993892
Temkinli,22,1950,7,1191111,1.51060085
Temkinli,22,1980,7,1414164,1.52169780
Temkinli,22,2010,7,1728622,1.53287627
Temkinli,22,2040,7,1809898,1.54377233
Temkinli,22,2070,7,1924297,1.55511296
Temkinli,22,2100,7,2156495,1.56616708
Temkinli,22,2130,7,2178545,1.57767223
Temkinli,22,2160,7,2100032,1.59768550
Temkinli,22,2190,7,2056478,1.61598013
Temkinli,22,2192,7,2036238,1.61598013
Temkinli,22,2220,7,1896673,1.63647936
Temkinli,22,2250,7,1993213,1.65656487
Temkinli,22,2280,7,2199506,1.67757893
Temkinli,22,2310,7,1770879,1.69816889
Temkinli,22,2340,7,1389914,1.71971070
Temkinli,22,2370,7,1554519,1.71971070
Temkinli,22,2400,7,1806017,1.74152578
Temkinli,22,2430,7,1733583,1.76290060
Temkinli,22,2460,7,1581422,1.78526355
Temkinli,22,2490,7,1661303,1.80717519
Temkinli,22,2520,7,1616962,1.83009978
Temkinli,22,2550,7,1842221,1.84919539
Temkinli,22,2557,7,1847774,1.86661423
Temkinli,22,2580,7,1860991,1.86661423
Temkinli,22,2610,7,2091018,1.88609084
Temkinli,22,2640,7,2298328,1.90513264
Temkinli,22,2670,7,1883162,1.92501115
Temkinli,22,2700,7,1556625,1.94444588
Temkinli,22,2730,7,1321442,1.96473460
Temkinli,22,2760,7,1864973,1.98523501
Temkinli,22,2790,7,2216610,2.00527776
Temkinli,22,2820,7,2702587,2.02620120
Temkinli,22,2850,7,3227929,2.04665755
Temkinli,22,2880,7,3154554,2.06801276
Temkinli,22,2910,7,3355171,2.08482092
Temkinli,22,2922,7,2661169,2.10011988
Temkinli,22,2940,7,2303816,2.10011988
Temkinli,22,2970,7,1735098,2.11718900
Temkinli,22,3000,7,2219398,2.13383958
Temkinli,22,3030,7,1692368,2.15118277
Temkinli,22,3060,7,1320948,2.16810070
Temkinli,22,3090,7,945020,2.18572234
Temkinli,22,3120,7,-3504707,2.20348722
Temkinli,22,3150,0,0,2.22081649
Temkinli,22,3180,0,0,2.23886660
Temkinli,22,3210,0,0,2.25647411
Temkinli,22,3240,0,0,2.27481403
Temkinli,22,3270,0,0,2.31031331
Temkinli,22,3288,0,0,2.34402367
Temkinli,22,3300,0,0,2.34402367
Temkinli,22,3330,0,0,2.38060300
Temkinli,22,3360,0,0,2.41654576
Temkinli,22,3390,0,0,2.45425682
Temkinli,22,3420,0,0,2.49131162
Temkinli,22,3450,0,0,2.53018943
Temkinli,22,3480,0,0,2.56967393
Temkinli,22,3510,0,0,2.60847132
Temkinli,22,3540,0,0,2.64917745
Temkinli,22,3570,0,0,2.68917520
Temkinli,22,3600,0,0,2.73114073
Temkinli,22,3630,0,0,2.79268183
Temkinli,22,3653,0,0,2.84945839
Temkinli,23,30,0,0,1.00592004
Temkinli,23,60,0,0,1.01307036
Temkinli,23,90,0,0,1.02051243
Temkinli,23,120,0,0,1.02776648
Temkinli,23,150,0,0,1.03531650
Temkinli,23,180,0,0,1.04292199
Temkinli,23,210,0,0,1.05033534
Temkinli,23,240,0,0,1.05805116
Temkinli,23,270,0,0,1.06557204
Temkinli,23,300,0,0,1.06557204
Temkinli,23,330,0,0,1.07339979
Temkinli,23,360,0,0,1.07958568
Temkinli,23,366,0,0,1.08540474
Temkinli,23,390,0,0,1.08540474
Temkinli,23,420,0,0,1.09165981
Temkinli,23,450,0,0,1.09774743
Temkinli,23,480,0,0,1.10407363
Temkinli,23,510,0,0,1.11023047
Temkinli,23,540,0,0,1.11662861
Temkinli,23,570,0,0,1.12306362
Temkinli,23,600,1,288656,1.12932636
Temkinli,23,630,1,289546,1.13583454
Temkinli,23,660,1,300300,1.14216850
Temkinli,23,690,1,300595,1.14875069
Temkinli,23,720,1,280831,1.15582838
Temkinli,23,731,2,490331,1.16225861
Temkinli,23,750,2,491317,1.16225861
Temkinli,23,780,2,470958,1.16941952
Temkinli,23,810,2,469247,1.17639144
Temkinli,23,840,3,667134,1.18363943
Temkinli,23,870,3,602911,1.19069613
Temkinli,23,900,4,746602,1.19803225
Temkinli,23,930,4,900085,1.20541358
Temkinli,23,960,5,1112660,1.21260009
Temkinli,23,990,5,1187311,1.22007117
Temkinli,23,1020,6,1540305,1.22734507
Temkinli,23,1050,6,1659345,1.23490699
Temkinli,23,1080,6,1722217,1.24300530
Temkinli,23,1096,6,1688474,1.25036554
Temkinli,23,1110,6,1675217,1.25036554
Temkinli,23,1140,6,1661025,1.25856522
Temkinli,23,1170,6,1656408,1.26655158
Temkinli,23,1200,6,1413920,1.27485741
Temkinli,23,1230,6,1400208,1.28294716
Temkinli,23,1260,6,1216524,1.29136051
Temkinli,23,1290,6,1305817,1.29982902
Temkinli,23,1320,6,1506445,1.30807724
Temkinli,23,1350,6,1738186,1.31665538
Temkinli,23,1380,6,1842797,1.32501037
Temkinli,23,1410,6,1809680,1.33369955
Temkinli,23,1440,6,1884494,1.34297246
Temkinli,23,1461,6,1777938,1.35140339
Temkinli,23,1470,6,1713794,1.35140339
Temkinli,23,1500,6,1532975,1.36079939
Temkinli,23,1530,6,1498981,1.36995449
Temkinli,23,1560,7,1655308,1.37947947
Temkinli,23,1590,7,1543753,1.38876024
Temkinli,23,1620,7,1552549,1.39841597
Temkinli,23,1650,7,1831316,1.40813883
Temkinli,23,1680,7,1827074,1.41761242
Temkinli,23,1710,7,1874320,1.42746875
Temkinli,23,1740,7,2061356,1.43707238
Temkinli,23,1770,7,2118461,1.44706402
Temkinli,23,1800,7,1930427,1.46325750
Temkinli,23,1827,7,1996158,1.47857026
Temkinli,23,1830,7,1988605,1.47857026
Temkinli,23,1860,7,1982920,1.49511632
Temkinli,23,1890,7,1930115,1.51130491
Temkinli,23,1920,7,1915429,1.52821728
Temkinli,23,1950,7,1544172,1.54476428
Temkinli,23,1980,7,1585989,1.56205109
Temkinli,23,2010,7,1336516,1.57953134
Temkinli,23,2040,7,1410064,1.59663395
Temkinli,23,2070,7,1549784,1.61450120
Temkinli,23,2100,7,1687857,1.63198245
Temkinli,23,2130,7,1546140,1.65024528
Temkinli,23,2160,7,1577713,1.66746425
Temkinli,23,2190,7,1554154,1.68317124
Temkinli,23,2192,7,1534033,1.68317124
Temkinli,23,2220,7,1508251,1.70073377
Temkinli,23,2250,7,1771466,1.71790422
Temkinli,23,2280,7,2004364,1.73582916
Temkinli,23,2310,7,1719971,1.75335393
Temkinli,23,2340,7,1561283,1.77164875
Temkinli,23,2370,7,1447753,1.77164875
Temkinli,23,2400,7,2051083,1.79013447
Temkinli,23,2430,7,2148524,1.80820750
Temkinli,23,2460,7,2201244,1.82707468
Temkinli,23,2490,7,2664546,1.84552066
Temkinli,23,2520,7,2577103,1.86477717
Temkinli,23,2550,7,3066152,1.88137900
Temkinli,23,2557,7,2863478,1.89650120
Temkinli,23,2580,7,2113153,1.89650120
Temkinli,23,2610,7,1421517,1.91338547
Temkinli,23,2640,7,1684704,1.92986819
Temkinli,23,2670,7,1264890,1.94704952
Temkinli,23,2700,7,1059768,1.96382224
Temkinli,23,2730,7,1026510,1.98130585
Temkinli,23,2760,7,1542631,1.99894512
Temkinli,23,2790,7,1788894,2.01616489
Temkinli,23,2820,7,1599586,2.03411450
Temkinli,23,2850,7,1141186,2.05163724
Temkinli,23,2880,7,1561208,2.06990265
Temkinli,23,2910,7,1784442,2.09768875
Temkinli,23,2922,7,1221735,2.12310633
Temkinli,23,2940,7,136823,2.12310633
Temkinli,23,2970,7,-4187591,2.15160663
Temkinli,23,3000,0,0,2.17955178
Temkinli,23,3030,0,0,2.20880979
Temkinli,23,3060,0,0,2.23749790
Temkinli,23,3090,0,0,2.26753377
Temkinli,23,3120,0,0,2.29797285
Temkinli,23,3150,0,0,2.32781901
Temkinli,23,3180,0,0,2.35906734
Temkinli,23,3210,0,0,2.38970700
Temkinli,23,3240,0,0,2.42178611
Temkinli,23,3270,0,0,2.47796867
Temkinli,23,3288,0,0,2.53170592
Temkinli,23,3300,0,0,2.53170592
Temkinli,23,3330,0,0,2.59043849
Temkinli,23,3360,0,0,2.64857345
Temkinli,23,3390,0,0,2.71001721
Temkinli,23,3420,0,0,2.77083577
Temkinli,23,3450,0,0,2.83511587
Temkinli,23,3480,0,0,2.90088720
Temkinli,23,3510,0,0,2.96598929
Temkinli,23,3540,0,0,3.03479672
Temkinli,23,3570,0,0,3.10290402
Temkinli,23,3600,0,0,3.17488771
Temkinli,23,3630,0,0,3.24215575
Temkinli,23,3653,0,0,3.30413818
Dengeli,21,30,0,0,1.00592004
Dengeli,21,60,0,0,1.01307036
Dengeli,21,90,0,0,1.02051243
Dengeli,21,120,0,0,1.02776648
Dengeli,21,150,0,0,1.03531650
Dengeli,21,180,0,0,1.04292199
Dengeli,21,210,0,0,1.05033534
Dengeli,21,240,0,0,1.05805116
Dengeli,21,270,0,0,1.06557204
Dengeli,21,300,0,0,1.06557204
Dengeli,21,330,0,0,1.07339979
Dengeli,21,360,0,0,1.07958568
Dengeli,21,366,0,0,1.08540474
Dengeli,21,390,2,257004,1.08540474
Dengeli,21,420,2,315113,1.09165981
Dengeli,21,450,2,271275,1.09774743
Dengeli,21,480,2,252670,1.10407363
Dengeli,21,510,4,519513,1.11023047
Dengeli,21,540,6,936572,1.11662861
Dengeli,21,570,6,1231614,1.12306362
Dengeli,21,600,6,1520427,1.12932636
Dengeli,21,630,6,1713003,1.13583454
Dengeli,21,660,6,1553323,1.14216850
Dengeli,21,690,6,1573024,1.14875069
Dengeli,21,720,6,1539181,1.15582838
Dengeli,21,731,6,1529761,1.16225861
Dengeli,21,750,6,1552153,1.16225861
Dengeli,21,780,6,1657079,1.16941952
Dengeli,21,810,6,1592547,1.17639144
Dengeli,21,840,6,1361831,1.18363943
Dengeli,21,870,6,1160248,1.19069613
Dengeli,21,900,6,1034505,1.19803225
Dengeli,21,930,6,1447378,1.20541358
Dengeli,21,960,6,1491254,1.21260009
Dengeli,21,990,6,1704794,1.22007117
Dengeli,21,1020,6,1931053,1.22734507
Dengeli,21,1050,6,1843746,1.23490699
Dengeli,21,1080,6,1830752,1.24300530
Dengeli,21,1096,6,1852392,1.25036554
Dengeli,21,1110,6,1849473,1.25036554
Dengeli,21,1140,6,1923631,1.25856522
Dengeli,21,1170,6,2073498,1.26655158
Dengeli,21,1200,6,2034505,1.27485741
Dengeli,21,1230,6,1912789,1.28294716
Dengeli,21,1260,6,1850970,1.29136051
Dengeli,21,1290,6,1983021,1.29982902
Dengeli,21,1320,6,2116688,1.30807724
Dengeli,21,1350,6,2249281,1.31665538
Dengeli,21,1380,6,2234872,1.32501037
Dengeli,21,1410,6,2304523,1.33369955
Dengeli,21,1440,6,2201557,1.34297246
Dengeli,21,1461,6,2263643,1.35140339
Dengeli,21,1470,6,2366367,1.35140339
Dengeli,21,1500,6,2403173,1.36079939
Dengeli,21,1530,6,2555963,1.36995449
Dengeli,21,1560,6,2403879,1.37947947
Dengeli,21,1590,7,2932419,1.38876024
Dengeli,21,1620,7,2478615,1.39841597
Dengeli,21,1650,7,2604631,1.40813883
Dengeli,21,1680,7,2923192,1.41761242
Dengeli,21,1710,7,3070467,1.42746875
Dengeli,21,1740,7,3311515,1.43707238
Dengeli,21,1770,7,3422660,1.44706402
Dengeli,21,1800,7,3323888,1.45769422
Dengeli,21,1827,7,3176502,1.46770930
Dengeli,21,1830,7,3120283,1.46770930
Dengeli,21,1860,7,3028363,1.47849117
Dengeli,21,1890,7,2970776,1.48900064
Dengeli,21,1920,7,2917461,1.49993892
Dengeli,21,1950,7,2505970,1.51060085
Dengeli,21,1980,7,2525115,1.52169780
Dengeli,21,2010,7,2585678,1.53287627
Dengeli,21,2040,7,3042469,1.54377233
Dengeli,21,2070,7,3411228,1.55511296
Dengeli,21,2100,7,3514825,1.56616708
Dengeli,21,2130,7,3460474,1.57767223
Dengeli,21,2160,7,3160688,1.59171801
Dengeli,21,2190,7,3069945,1.60451197
Dengeli,21,2192,7,3070989,1.60451197
Dengeli,21,2220,7,3192837,1.61879670
Dengeli,21,2250,7,3186379,1.63274170
Dengeli,21,2280,7,3405593,1.64727776
Dengeli,21,2310,7,3218764,1.66146811
Dengeli,21,2340,7,3063162,1.67625992
Dengeli,21,2370,7,3159603,1.67625992
Dengeli,21,2400,7,3196230,1.69118341
Dengeli,21,2430,7,3342758,1.70575198
Dengeli,21,2460,7,3342503,1.72093804
Dengeli,21,2490,7,3520583,1.73576294
Dengeli,21,2520,7,3634413,1.75121617
Dengeli,21,2550,7,3740331,1.76680699
Dengeli,21,2557,7,3788788,1.78100828
Dengeli,21,2580,7,3952154,1.78100828
Dengeli,21,2610,7,3823290,1.79686433
Dengeli,21,2640,7,3955514,1.81234329
Dengeli,21,2670,7,3747910,1.82847831
Dengeli,21,2700,7,3100338,1.84422961
Dengeli,21,2730,7,2970240,1.86064851
Dengeli,21,2760,7,3772911,1.87721358
Dengeli,21,2790,7,3984032,1.89338470
Dengeli,21,2820,7,3819995,1.91024122
Dengeli,21,2850,7,4047610,1.92669686
Dengeli,21,2880,7,3913781,1.94384995
Dengeli,21,2910,7,3765811,1.96706131
Dengeli,21,2922,7,3614310,1.98826455
Dengeli,21,2940,7,3826037,1.98826455
Dengeli,21,2970,7,4042827,2.01200627
Dengeli,21,3000,7,4561782,2.03525201
Dengeli,21,3030,7,4249970,2.05955480
Dengeli,21,3060,7,3371534,2.08334990
Dengeli,21,3090,7,2927112,2.10822702
Dengeli,21,3120,7,3227426,2.13340119
Dengeli,21,3150,7,3043271,2.15804947
Dengeli,21,3180,7,3261257,2.18381858
Dengeli,21,3210,7,3496841,2.20904936
Dengeli,21,3240,7,3617801,2.23542744
Dengeli,21,3270,7,3463343,2.26212051
Dengeli,21,3288,7,3489414,2.28737993
Dengeli,21,3300,7,3538657,2.28737993
Dengeli,21,3330,7,3462911,2.31469335
Dengeli,21,3360,7,3705597,2.34143620
Dengeli,21,3390,7,3278428,2.36939511
Dengeli,21,3420,7,-1647474,2.39676995
Dengeli,21,3450,7,-6930318,2.42538959
Dengeli,21,3480,0,0,2.45435098
Dengeli,21,3510,0,0,2.48270737
Dengeli,21,3540,0,0,2.51235318
Dengeli,21,3570,0,0,2.54137969
Dengeli,21,3600,0,0,2.57172611
Dengeli,21,3630,0,0,2.59659894
Dengeli,21,3653,0,0,2.61927142
Dengeli,22,30,0,0,1.00592004
Dengeli,22,60,0,0,1.01307036
Dengeli,22,90,0,0,1.02051243
Dengeli,22,120,0,0,1.02776648
Dengeli,22,150,0,0,1.03531650
Dengeli,22,180,0,0,1.04292199
Dengeli,22,210,0,0,1.05033534
Dengeli,22,240,0,0,1.05805116
Dengeli,22,270,0,0,1.06557204
Dengeli,22,300,0,0,1.06557204
Dengeli,22,330,0,0,1.07339979
Dengeli,22,360,0,0,1.07958568
Dengeli,22,366,0,0,1.08540474
Dengeli,22,390,1,111172,1.08540474
Dengeli,22,420,1,115063,1.09165981
Dengeli,22,450,1,111644,1.09774743
Dengeli,22,480,2,137779,1.10407363
Dengeli,22,510,2,106673,1.11023047
Dengeli,22,540,2,119462,1.11662861
Dengeli,22,570,2,226069,1.12306362
Dengeli,22,600,2,219527,1.12932636
Dengeli,22,630,2,209774,1.13583454
Dengeli,22,660,2,259733,1.14216850
Dengeli,22,690,2,229471,1.14875069
Dengeli,22,720,2,281058,1.15582838
Dengeli,22,731,2,262619,1.16225861
Dengeli,22,750,2,307869,1.16225861
Dengeli,22,780,4,699926,1.16941952
Dengeli,22,810,6,1529944,1.17639144
Dengeli,22,840,6,1456233,1.18363943
Dengeli,22,870,6,1332852,1.19069613
Dengeli,22,900,6,1211744,1.19803225
Dengeli,22,930,6,1396914,1.20541358
Dengeli,22,960,6,1392622,1.21260009
Dengeli,22,990,6,1467491,1.22007117
Dengeli,22,1020,6,1532840,1.22734507
Dengeli,22,1050,6,1599917,1.23490699
Dengeli,22,1080,6,1623566,1.24300530
Dengeli,22,1096,6,1635942,1.25036554
Dengeli,22,1110,6,1652717,1.25036554
Dengeli,22,1140,6,1756893,1.25856522
Dengeli,22,1170,6,1719282,1.26655158
Dengeli,22,1200,6,1447936,1.27485741
Dengeli,22,1230,6,1260800,1.28294716
Dengeli,22,1260,6,1082548,1.29136051
Dengeli,22,1290,6,1411962,1.29982902
Dengeli,22,1320,6,1647620,1.30807724
Dengeli,22,1350,6,1767608,1.31665538
Dengeli,22,1380,6,1748183,1.32501037
Dengeli,22,1410,6,1706140,1.33369955
Dengeli,22,1440,6,1676628,1.34297246
Dengeli,22,1461,6,1646481,1.35140339
Dengeli,22,1470,6,1636163,1.35140339
Dengeli,22,1500,6,1603797,1.36079939
Dengeli,22,1530,6,1739494,1.36995449
Dengeli,22,1560,6,1783575,1.37947947
Dengeli,22,1590,6,1614578,1.38876024
Dengeli,22,1620,6,1376014,1.39841597
Dengeli,22,1650,6,1500529,1.40813883
Dengeli,22,1680,6,1616936,1.41761242
Dengeli,22,1710,6,1679547,1.42746875
Dengeli,22,1740,6,1692356,1.43707238
Dengeli,22,1770,6,1747787,1.44706402
Dengeli,22,1800,6,1654799,1.45769422
Dengeli,22,1827,6,1696169,1.46770930
Dengeli,22,1830,6,1668877,1.46770930
Dengeli,22,1860,6,1648153,1.47849117
Dengeli,22,1890,6,1653204,1.48900064
Dengeli,22,1920,6,1454236,1.49993892
Dengeli,22,1950,6,1057197,1.51060085
Dengeli,22,1980,6,1031600,1.52169780
Dengeli,22,2010,6,1242650,1.53287627
Dengeli,22,2040,6,1374583,1.54377233
Dengeli,22,2070,6,1486389,1.55511296
Dengeli,22,2100,6,1719249,1.56616708
Dengeli,22,2130,6,1748276,1.57767223
Dengeli,22,2160,6,1623814,1.59768550
Dengeli,22,2190,6,1564843,1.61598013
Dengeli,22,2192,6,1557654,1.61598013
Dengeli,22,2220,6,1471330,1.63647936
Dengeli,22,2250,6,1615119,1.65656487
Dengeli,22,2280,6,1829597,1.67757893
Dengeli,22,2310,6,1565811,1.69816889
Dengeli,22,2340,6,972370,1.71971070
Dengeli,22,2370,6,1007232,1.71971070
Dengeli,22,2400,6,1217691,1.74152578
Dengeli,22,2430,6,1191717,1.76290060
Dengeli,22,2460,6,245937,1.78526355
Dengeli,22,2490,6,-3550636,1.80717519
Dengeli,22,2520,0,0,1.83009978
Dengeli,22,2550,0,0,1.84919539
Dengeli,22,2557,0,0,1.86661423
Dengeli,22,2580,0,0,1.86661423
Dengeli,22,2610,0,0,1.88609084
Dengeli,22,2640,0,0,1.90513264
Dengeli,22,2670,0,0,1.92501115
Dengeli,22,2700,0,0,1.94444588
Dengeli,22,2730,0,0,1.96473460
Dengeli,22,2760,0,0,1.98523501
Dengeli,22,2790,0,0,2.00527776
Dengeli,22,2820,0,0,2.02620120
Dengeli,22,2850,0,0,2.04665755
Dengeli,22,2880,0,0,2.06801276
Dengeli,22,2910,0,0,2.08482092
Dengeli,22,2922,0,0,2.10011988
Dengeli,22,2940,0,0,2.10011988
Dengeli,22,2970,0,0,2.11718900
Dengeli,22,3000,0,0,2.13383958
Dengeli,22,3030,0,0,2.15118277
Dengeli,22,3060,0,0,2.16810070
Dengeli,22,3090,0,0,2.18572234
Dengeli,22,3120,0,0,2.20348722
Dengeli,22,3150,0,0,2.22081649
Dengeli,22,3180,0,0,2.23886660
Dengeli,22,3210,0,0,2.25647411
Dengeli,22,3240,0,0,2.27481403
Dengeli,22,3270,0,0,2.31031331
Dengeli,22,3288,0,0,2.34402367
Dengeli,22,3300,0,0,2.34402367
Dengeli,22,3330,0,0,2.38060300
Dengeli,22,3360,0,0,2.41654576
Dengeli,22,3390,0,0,2.45425682
Dengeli,22,3420,0,0,2.49131162
Dengeli,22,3450,0,0,2.53018943
Dengeli,22,3480,0,0,2.56967393
Dengeli,22,3510,0,0,2.60847132
Dengeli,22,3540,0,0,2.64917745
Dengeli,22,3570,0,0,2.68917520
Dengeli,22,3600,0,0,2.73114073
Dengeli,22,3630,0,0,2.79268183
Dengeli,22,3653,0,0,2.84945839
Dengeli,23,30,0,0,1.00592004
Dengeli,23,60,0,0,1.01307036
Dengeli,23,90,0,0,1.02051243
Dengeli,23,120,0,0,1.02776648
Dengeli,23,150,0,0,1.03531650
Dengeli,23,180,0,0,1.04292199
Dengeli,23,210,0,0,1.05033534
Dengeli,23,240,0,0,1.05805116
Dengeli,23,270,0,0,1.06557204
Dengeli,23,300,0,0,1.06557204
Dengeli,23,330,0,0,1.07339979
Dengeli,23,360,0,0,1.07958568
Dengeli,23,366,0,0,1.08540474
Dengeli,23,390,0,0,1.08540474
Dengeli,23,420,2,234980,1.09165981
Dengeli,23,450,2,292127,1.09774743
Dengeli,23,480,2,208860,1.10407363
Dengeli,23,510,2,246137,1.11023047
Dengeli,23,540,3,356232,1.11662861
Dengeli,23,570,5,768566,1.12306362
Dengeli,23,600,5,886680,1.12932636
Dengeli,23,630,5,863728,1.13583454
Dengeli,23,660,5,1039200,1.14216850
Dengeli,23,690,5,1134650,1.14875069
Dengeli,23,720,6,1599342,1.15582838
Dengeli,23,731,6,1553523,1.16225861
Dengeli,23,750,6,1592242,1.16225861
Dengeli,23,780,6,1685976,1.16941952
Dengeli,23,810,6,1682803,1.17639144
Dengeli,23,840,6,1632388,1.18363943
Dengeli,23,870,6,1510712,1.19069613
Dengeli,23,900,6,1423796,1.19803225
Dengeli,23,930,6,1740125,1.20541358
Dengeli,23,960,6,1593902,1.21260009
Dengeli,23,990,6,1639300,1.22007117
Dengeli,23,1020,6,1683370,1.22734507
Dengeli,23,1050,6,1749754,1.23490699
Dengeli,23,1080,6,1822527,1.24300530
Dengeli,23,1096,6,1817662,1.25036554
Dengeli,23,1110,6,1874240,1.25036554
Dengeli,23,1140,6,1925167,1.25856522
Dengeli,23,1170,6,1931372,1.26655158
Dengeli,23,1200,6,1658837,1.27485741
Dengeli,23,1230,6,1636062,1.28294716
Dengeli,23,1260,6,1418701,1.29136051
Dengeli,23,1290,6,1565168,1.29982902
Dengeli,23,1320,6,1686036,1.30807724
Dengeli,23,1350,6,1899640,1.31665538
Dengeli,23,1380,6,1973790,1.32501037
Dengeli,23,1410,6,1963438,1.33369955
Dengeli,23,1440,6,2047990,1.34297246
Dengeli,23,1461,6,1977780,1.35140339
Dengeli,23,1470,6,1946128,1.35140339
Dengeli,23,1500,6,1849885,1.36079939
Dengeli,23,1530,6,1844106,1.36995449
Dengeli,23,1560,6,1815934,1.37947947
Dengeli,23,1590,6,1693244,1.38876024
Dengeli,23,1620,6,1480156,1.39841597
Dengeli,23,1650,6,1713444,1.40813883
Dengeli,23,1680,6,1783714,1.41761242
Dengeli,23,1710,6,1852737,1.42746875
Dengeli,23,1740,6,2044221,1.43707238
Dengeli,23,1770,6,2122785,1.44706402
Dengeli,23,1800,6,1909527,1.46325750
Dengeli,23,1827,6,1986357,1.47857026
Dengeli,23,1830,6,1985609,1.47857026
Dengeli,23,1860,6,2062621,1.49511632
Dengeli,23,1890,6,2001436,1.51130491
Dengeli,23,1920,6,2045076,1.52821728
Dengeli,23,1950,6,1728150,1.54476428
Dengeli,23,1980,6,1506278,1.56205109
Dengeli,23,2010,6,1186603,1.57953134
Dengeli,23,2040,6,1258710,1.59663395
Dengeli,23,2070,6,1395364,1.61450120
Dengeli,23,2100,6,1541108,1.63198245
Dengeli,23,2130,6,1386659,1.65024528
Dengeli,23,2160,6,1397831,1.66746425
Dengeli,23,2190,6,1372548,1.68317124
Dengeli,23,2192,6,1354024,1.68317124
Dengeli,23,2220,6,1443203,1.70073377
Dengeli,23,2250,6,1679201,1.71790422
Dengeli,23,2280,6,1898325,1.73582916
Dengeli,23,2310,6,1605176,1.75335393
Dengeli,23,2340,6,1473428,1.77164875
Dengeli,23,2370,6,1344649,1.77164875
Dengeli,23,2400,6,1982380,1.79013447
Dengeli,23,2430,6,2056209,1.80820750
Dengeli,23,2460,6,2109362,1.82707468
Dengeli,23,2490,6,2496792,1.84552066
Dengeli,23,2520,6,2339201,1.86477717
Dengeli,23,2550,6,2719732,1.88137900
Dengeli,23,2557,6,2539470,1.89650120
Dengeli,23,2580,6,1716511,1.89650120
Dengeli,23,2610,6,429051,1.91338547
Dengeli,23,2640,6,-2909751,1.92986819
Dengeli,23,2670,0,0,1.94704952
Dengeli,23,2700,0,0,1.96382224
Dengeli,23,2730,0,0,1.98130585
Dengeli,23,2760,0,0,1.99894512
Dengeli,23,2790,0,0,2.01616489
Dengeli,23,2820,0,0,2.03411450
Dengeli,23,2850,0,0,2.05163724
Dengeli,23,2880,0,0,2.06990265
Dengeli,23,2910,0,0,2.09768875
Dengeli,23,2922,0,0,2.12310633
Dengeli,23,2940,0,0,2.12310633
Dengeli,23,2970,0,0,2.15160663
Dengeli,23,3000,0,0,2.17955178
Dengeli,23,3030,0,0,2.20880979
Dengeli,23,3060,0,0,2.23749790
Dengeli,23,3090,0,0,2.26753377
Dengeli,23,3120,0,0,2.29797285
Dengeli,23,3150,0,0,2.32781901
Dengeli,23,3180,0,0,2.35906734
Dengeli,23,3210,0,0,2.38970700
Dengeli,23,3240,0,0,2.42178611
Dengeli,23,3270,0,0,2.47796867
Dengeli,23,3288,0,0,2.53170592
Dengeli,23,3300,0,0,2.53170592
Dengeli,23,3330,0,0,2.59043849
Dengeli,23,3360,0,0,2.64857345
Dengeli,23,3390,0,0,2.71001721
Dengeli,23,3420,0,0,2.77083577
Dengeli,23,3450,0,0,2.83511587
Dengeli,23,3480,0,0,2.90088720
Dengeli,23,3510,0,0,2.96598929
Dengeli,23,3540,0,0,3.03479672
Dengeli,23,3570,0,0,3.10290402
Dengeli,23,3600,0,0,3.17488771
Dengeli,23,3630,0,0,3.24215575
Dengeli,23,3653,0,0,3.30413818
Atak,21,30,0,0,1.00592004
Atak,21,60,0,0,1.01307036
Atak,21,90,0,0,1.02051243
Atak,21,120,0,0,1.02776648
Atak,21,150,0,0,1.03531650
Atak,21,180,0,0,1.04292199
Atak,21,210,0,0,1.05033534
Atak,21,240,0,0,1.05805116
Atak,21,270,0,0,1.06557204
Atak,21,300,2,426660,1.06557204
Atak,21,330,2,494679,1.07339979
Atak,21,360,2,494485,1.07958568
Atak,21,366,2,496559,1.08540474
Atak,21,390,4,1372539,1.08540474
Atak,21,420,4,1604232,1.09165981
Atak,21,450,4,1551609,1.09774743
Atak,21,480,4,1384316,1.10407363
Atak,21,510,4,1372354,1.11023047
Atak,21,540,4,1239160,1.11662861
Atak,21,570,4,1852383,1.12306362
Atak,21,600,4,2387059,1.12932636
Atak,21,630,7,6008191,1.13583454
Atak,21,660,10,8753529,1.14216850
Atak,21,690,10,8829032,1.14875069
Atak,21,720,10,8757584,1.15582838
Atak,21,731,10,8689575,1.16225861
Atak,21,750,10,8860450,1.16225861
Atak,21,780,10,9278733,1.16941952
Atak,21,810,14,15069278,1.17639144
Atak,21,840,17,16544740,1.18363943
Atak,21,870,17,17145892,1.19069613
Atak,21,900,17,18122150,1.19803225
Atak,21,930,17,21844793,1.20541358
Atak,21,960,17,23243014,1.21260009
Atak,21,990,17,25625148,1.22007117
Atak,21,1020,17,27738109,1.22734507
Atak,21,1050,17,24776604,1.23490699
Atak,21,1080,18,24863030,1.24300530
Atak,21,1096,18,25306969,1.25036554
Atak,21,1110,18,26281056,1.25036554
Atak,21,1140,18,28625644,1.25856522
Atak,21,1170,20,37004264,1.26655158
Atak,21,1200,20,37751503,1.27485741
Atak,21,1230,20,36619439,1.28294716
Atak,21,1260,20,35539916,1.29136051
Atak,21,1290,20,37116103,1.29982902
Atak,21,1320,22,46041180,1.30807724
Atak,21,1350,22,50873848,1.31665538
Atak,21,1380,22,54120017,1.32501037
Atak,21,1410,23,55434297,1.33369955
Atak,21,1440,23,47900456,1.34297246
Atak,21,1461,23,46660366,1.35140339
Atak,21,1470,23,48240179,1.35140339
Atak,21,1500,23,50657910,1.36079939
Atak,21,1530,27,64815307,1.36995449
Atak,21,1560,27,64879394,1.37947947
Atak,21,1590,27,61946200,1.38876024
Atak,21,1620,27,56981335,1.39841597
Atak,21,1650,29,65593846,1.40813883
Atak,21,1680,30,75765867,1.41761242
Atak,21,1710,30,80692929,1.42746875
Atak,21,1740,32,96816358,1.43707238
Atak,21,1770,32,92504876,1.44706402
Atak,21,1800,32,76221382,1.45769422
Atak,21,1827,33,75590740,1.46770930
Atak,21,1830,33,75730382,1.46770930
Atak,21,1860,33,79454274,1.47849117
Atak,21,1890,36,90554402,1.48900064
Atak,21,1920,39,103674527,1.49993892
Atak,21,1950,40,98958805,1.51060085
Atak,21,1980,40,93934743,1.52169780
Atak,21,2010,40,93521900,1.53287627
Atak,21,2040,43,109126465,1.54377233
Atak,21,2070,43,117170246,1.55511296
Atak,21,2100,45,138663857,1.56616708
Atak,21,2130,46,142853195,1.57767223
Atak,21,2160,49,109439283,1.59171801
Atak,21,2190,49,96703595,1.60451197
Atak,21,2192,49,97213096,1.60451197
Atak,21,2220,49,107385612,1.61879670
Atak,21,2250,51,119759757,1.63274170
Atak,21,2280,56,140201055,1.64727776
Atak,21,2310,60,145327046,1.66146811
Atak,21,2340,60,128614418,1.67625992
Atak,21,2370,60,137627205,1.67625992
Atak,21,2400,62,145964192,1.69118341
Atak,21,2430,63,152595908,1.70575198
Atak,21,2460,66,184614076,1.72093804
Atak,21,2490,67,208339940,1.73576294
Atak,21,2520,67,154569871,1.75121617
Atak,21,2550,68,139755444,1.76680699
Atak,21,2557,68,143965573,1.78100828
Atak,21,2580,68,150088222,1.78100828
Atak,21,2610,69,157461877,1.79686433
Atak,21,2640,76,184714073,1.81234329
Atak,21,2670,86,202384092,1.82847831
Atak,21,2700,86,169051352,1.84422961
Atak,21,2730,86,169072252,1.86064851
Atak,21,2760,86,179763756,1.87721358
Atak,21,2790,92,195024717,1.89338470
Atak,21,2820,94,232773770,1.91024122
Atak,21,2850,102,267490134,1.92669686
Atak,21,2880,102,205831641,1.94384995
Atak,21,2910,102,157779797,1.96706131
Atak,21,2922,102,151813824,1.98826455
Atak,21,2940,102,162401418,1.98826455
Atak,21,2970,100,183745401,2.01200627
Atak,21,3000,110,222880240,2.03525201
Atak,21,3030,115,231137837,2.05955480
Atak,21,3060,115,191387998,2.08334990
Atak,21,3090,114,182241061,2.10822702
Atak,21,3120,112,172150184,2.13340119
Atak,21,3150,112,140876263,2.15804947
Atak,21,3180,118,142260864,2.18381858
Atak,21,3210,121,172577026,2.20904936
Atak,21,3240,120,161657619,2.23542744
Atak,21,3270,120,137060346,2.26212051
Atak,21,3288,123,134202720,2.28737993
Atak,21,3300,125,131841619,2.28737993
Atak,21,3330,120,134311865,2.31469335
Atak,21,3360,117,145669191,2.34143620
Atak,21,3390,127,142812689,2.36939511
Atak,21,3420,130,135054506,2.39676995
Atak,21,3450,129,140150863,2.42538959
Atak,21,3480,130,151166422,2.45435098
Atak,21,3510,132,160623624,2.48270737
Atak,21,3540,131,165328916,2.51235318
Atak,21,3570,132,188844021,2.54137969
Atak,21,3600,134,181596994,2.57172611
Atak,21,3630,134,155375531,2.59659894
Atak,21,3653,134,161052486,2.61927142
Atak,22,30,0,0,1.00592004
Atak,22,60,0,0,1.01307036
Atak,22,90,0,0,1.02051243
Atak,22,120,0,0,1.02776648
Atak,22,150,0,0,1.03531650
Atak,22,180,0,0,1.04292199
Atak,22,210,0,0,1.05033534
Atak,22,240,0,0,1.05805116
Atak,22,270,0,0,1.06557204
Atak,22,300,2,337866,1.06557204
Atak,22,330,2,441932,1.07339979
Atak,22,360,2,458881,1.07958568
Atak,22,366,2,456523,1.08540474
Atak,22,390,3,1243305,1.08540474
Atak,22,420,7,5498011,1.09165981
Atak,22,450,7,5612357,1.09774743
Atak,22,480,7,5272476,1.10407363
Atak,22,510,7,5167012,1.11023047
Atak,22,540,7,5136776,1.11662861
Atak,22,570,7,5830046,1.12306362
Atak,22,600,7,6065211,1.12932636
Atak,22,630,7,5975734,1.13583454
Atak,22,660,11,8814678,1.14216850
Atak,22,690,12,9407878,1.14875069
Atak,22,720,13,9702204,1.15582838
Atak,22,731,13,9692006,1.16225861
Atak,22,750,13,10181048,1.16225861
Atak,22,780,17,15178856,1.16941952
Atak,22,810,19,20317799,1.17639144
Atak,22,840,19,20868849,1.18363943
Atak,22,870,19,20712460,1.19069613
Atak,22,900,19,21379530,1.19803225
Atak,22,930,19,22779493,1.20541358
Atak,22,960,19,23779662,1.21260009
Atak,22,990,19,26016654,1.22007117
Atak,22,1020,19,27898038,1.22734507
Atak,22,1050,19,25718543,1.23490699
Atak,22,1080,19,23430766,1.24300530
Atak,22,1096,19,23581789,1.25036554
Atak,22,1110,19,24152148,1.25036554
Atak,22,1140,19,25595160,1.25856522
Atak,22,1170,20,29731654,1.26655158
Atak,22,1200,20,30510131,1.27485741
Atak,22,1230,20,29960787,1.28294716
Atak,22,1260,20,29584687,1.29136051
Atak,22,1290,20,32028220,1.29982902
Atak,22,1320,20,33019693,1.30807724
Atak,22,1350,20,35070034,1.31665538
Atak,22,1380,21,42744822,1.32501037
Atak,22,1410,21,40163227,1.33369955
Atak,22,1440,21,35315911,1.34297246
Atak,22,1461,21,34384155,1.35140339
Atak,22,1470,21,34647372,1.35140339
Atak,22,1500,21,34891865,1.36079939
Atak,22,1530,23,42621700,1.36995449
Atak,22,1560,24,47185527,1.37947947
Atak,22,1590,24,46028428,1.38876024
Atak,22,1620,24,43700952,1.39841597
Atak,22,1650,25,44857057,1.40813883
Atak,22,1680,26,51295088,1.41761242
Atak,22,1710,26,55372319,1.42746875
Atak,22,1740,26,62259846,1.43707238
Atak,22,1770,26,61831081,1.44706402
Atak,22,1800,27,54931411,1.45769422
Atak,22,1827,27,51018876,1.46770930
Atak,22,1830,27,50811579,1.46770930
Atak,22,1860,27,51558823,1.47849117
Atak,22,1890,29,56115117,1.48900064
Atak,22,1920,30,58865743,1.49993892
Atak,22,1950,30,56036837,1.51060085
Atak,22,1980,31,57286629,1.52169780
Atak,22,2010,29,59309667,1.53287627
Atak,22,2040,31,61868307,1.54377233
Atak,22,2070,32,66594502,1.55511296
Atak,22,2100,33,81474636,1.56616708
Atak,22,2130,33,84677482,1.57767223
Atak,22,2160,34,68996422,1.59768550
Atak,22,2190,34,62032213,1.61598013
Atak,22,2192,34,62419922,1.61598013
Atak,22,2220,34,64787858,1.63647936
Atak,22,2250,36,74362560,1.65656487
Atak,22,2280,38,89513430,1.67757893
Atak,22,2310,38,90459085,1.69816889
Atak,22,2340,38,65324423,1.71971070
Atak,22,2370,38,67680756,1.71971070
Atak,22,2400,38,80001302,1.74152578
Atak,22,2430,38,77154629,1.76290060
Atak,22,2460,38,73089671,1.78526355
Atak,22,2490,39,80402698,1.80717519
Atak,22,2520,40,60732175,1.83009978
Atak,22,2550,41,56566792,1.84919539
Atak,22,2557,42,60132356,1.86661423
Atak,22,2580,42,66380548,1.86661423
Atak,22,2610,43,81560819,1.88609084
Atak,22,2640,45,93606810,1.90513264
Atak,22,2670,47,95291275,1.92501115
Atak,22,2700,47,84536138,1.94444588
Atak,22,2730,47,90402094,1.96473460
Atak,22,2760,48,100206171,1.98523501
Atak,22,2790,49,105821513,2.00527776
Atak,22,2820,49,113041352,2.02620120
Atak,22,2850,51,132414955,2.04665755
Atak,22,2880,54,118428274,2.06801276
Atak,22,2910,55,111263691,2.08482092
Atak,22,2922,56,101188505,2.10011988
Atak,22,2940,56,97796473,2.10011988
Atak,22,2970,56,94212629,2.11718900
Atak,22,3000,59,119537796,2.13383958
Atak,22,3030,64,124668776,2.15118277
Atak,22,3060,64,113396459,2.16810070
Atak,22,3090,63,122448090,2.18572234
Atak,22,3120,60,124312178,2.20348722
Atak,22,3150,62,119828418,2.22081649
Atak,22,3180,62,108764243,2.23886660
Atak,22,3210,69,101468558,2.25647411
Atak,22,3240,71,93021641,2.27481403
Atak,22,3270,69,84473654,2.31031331
Atak,22,3288,69,90734235,2.34402367
Atak,22,3300,70,67969660,2.34402367
Atak,22,3330,66,115900524,2.38060300
Atak,22,3360,66,142955798,2.41654576
Atak,22,3390,66,148154921,2.45425682
Atak,22,3420,66,140970418,2.49131162
Atak,22,3450,66,141817187,2.53018943
Atak,22,3480,66,143964285,2.56967393
Atak,22,3510,67,147508532,2.60847132
Atak,22,3540,67,145934845,2.64917745
Atak,22,3570,68,154621723,2.68917520
Atak,22,3600,69,153992181,2.73114073
Atak,22,3630,70,137582546,2.79268183
Atak,22,3653,70,136229075,2.84945839
Atak,23,30,0,0,1.00592004
Atak,23,60,0,0,1.01307036
Atak,23,90,0,0,1.02051243
Atak,23,120,0,0,1.02776648
Atak,23,150,0,0,1.03531650
Atak,23,180,0,0,1.04292199
Atak,23,210,0,0,1.05033534
Atak,23,240,0,0,1.05805116
Atak,23,270,0,0,1.06557204
Atak,23,300,2,523734,1.06557204
Atak,23,330,2,489966,1.07339979
Atak,23,360,2,541869,1.07958568
Atak,23,366,2,529055,1.08540474
Atak,23,390,4,1782963,1.08540474
Atak,23,420,4,1935163,1.09165981
Atak,23,450,4,2155179,1.09774743
Atak,23,480,4,1867503,1.10407363
Atak,23,510,4,2063748,1.11023047
Atak,23,540,4,2290109,1.11662861
Atak,23,570,7,5529932,1.12306362
Atak,23,600,11,10579658,1.12932636
Atak,23,630,11,10569336,1.13583454
Atak,23,660,11,11062313,1.14216850
Atak,23,690,11,10977087,1.14875069
Atak,23,720,11,10519032,1.15582838
Atak,23,731,11,10506008,1.16225861
Atak,23,750,11,10869531,1.16225861
Atak,23,780,14,18581974,1.16941952
Atak,23,810,17,25640144,1.17639144
Atak,23,840,17,26363409,1.18363943
Atak,23,870,17,26242197,1.19069613
Atak,23,900,17,27370011,1.19803225
Atak,23,930,17,29699116,1.20541358
Atak,23,960,17,29915703,1.21260009
Atak,23,990,18,36654247,1.22007117
Atak,23,1020,18,41099012,1.22734507
Atak,23,1050,19,41282594,1.23490699
Atak,23,1080,19,37720690,1.24300530
Atak,23,1096,19,36904610,1.25036554
Atak,23,1110,19,37140306,1.25036554
Atak,23,1140,19,38097356,1.25856522
Atak,23,1170,21,43106571,1.26655158
Atak,23,1200,21,43193595,1.27485741
Atak,23,1230,22,44456806,1.28294716
Atak,23,1260,22,42558553,1.29136051
Atak,23,1290,23,45956581,1.29982902
Atak,23,1320,23,48185231,1.30807724
Atak,23,1350,25,60965721,1.31665538
Atak,23,1380,25,68157568,1.32501037
Atak,23,1410,26,65872201,1.33369955
Atak,23,1440,26,58141390,1.34297246
Atak,23,1461,26,55715519,1.35140339
Atak,23,1470,26,55744921,1.35140339
Atak,23,1500,26,55531746,1.36079939
Atak,23,1530,30,65249118,1.36995449
Atak,23,1560,31,70835240,1.37947947
Atak,23,1590,31,69879150,1.38876024
Atak,23,1620,31,66379144,1.39841597
Atak,23,1650,33,72478039,1.40813883
Atak,23,1680,33,73043426,1.41761242
Atak,23,1710,35,83073551,1.42746875
Atak,23,1740,36,98026746,1.43707238
Atak,23,1770,37,97900765,1.44706402
Atak,23,1800,39,81515179,1.46325750
Atak,23,1827,39,79678194,1.47857026
Atak,23,1830,39,80107506,1.47857026
Atak,23,1860,39,84542205,1.49511632
Atak,23,1890,41,95069721,1.51130491
Atak,23,1920,45,105755186,1.52821728
Atak,23,1950,45,102860525,1.54476428
Atak,23,1980,45,91252355,1.56205109
Atak,23,2010,45,72136332,1.57953134
Atak,23,2040,48,82876643,1.59663395
Atak,23,2070,50,91711022,1.61450120
Atak,23,2100,52,98088718,1.63198245
Atak,23,2130,52,99132088,1.65024528
Atak,23,2160,55,77372209,1.66746425
Atak,23,2190,57,71899221,1.68317124
Atak,23,2192,57,72419129,1.68317124
Atak,23,2220,57,82295687,1.70073377
Atak,23,2250,57,94438745,1.71790422
Atak,23,2280,62,110788141,1.73582916
Atak,23,2310,66,113277745,1.75335393
Atak,23,2340,66,99925293,1.77164875
Atak,23,2370,64,111619378,1.77164875
Atak,23,2400,64,123728536,1.79013447
Atak,23,2430,65,123447805,1.80820750
Atak,23,2460,67,125154056,1.82707468
Atak,23,2490,67,144076802,1.84552066
Atak,23,2520,68,119242632,1.86477717
Atak,23,2550,71,122099749,1.88137900
Atak,23,2557,71,121323931,1.89650120
Atak,23,2580,71,112309048,1.89650120
Atak,23,2610,71,99054194,1.91338547
Atak,23,2640,72,114690617,1.92986819
Atak,23,2670,72,121796513,1.94704952
Atak,23,2700,75,115880091,1.96382224
Atak,23,2730,75,128428000,1.98130585
Atak,23,2760,75,126490907,1.99894512
Atak,23,2790,75,122195527,2.01616489
Atak,23,2820,75,114370625,2.03411450
Atak,23,2850,83,104302312,2.05163724
Atak,23,2880,83,104010583,2.06990265
Atak,23,2910,82,105437687,2.09768875
Atak,23,2922,84,88505612,2.12310633
Atak,23,2940,84,90189367,2.12310633
Atak,23,2970,84,75584385,2.15160663
Atak,23,3000,79,129393282,2.17955178
Atak,23,3030,79,155388846,2.20880979
Atak,23,3060,79,146654967,2.23749790
Atak,23,3090,79,153416478,2.26753377
Atak,23,3120,79,151144917,2.29797285
Atak,23,3150,79,149689197,2.32781901
Atak,23,3180,79,149797381,2.35906734
Atak,23,3210,79,161590498,2.38970700
Atak,23,3240,79,145414884,2.42178611
Atak,23,3270,81,127513466,2.47796867
Atak,23,3288,81,125947743,2.53170592
Atak,23,3300,81,130852136,2.53170592
Atak,23,3330,82,142968873,2.59043849
Atak,23,3360,82,164686578,2.64857345
Atak,23,3390,82,178571905,2.71001721
Atak,23,3420,82,165327943,2.77083577
Atak,23,3450,82,165194008,2.83511587
Atak,23,3480,82,171528826,2.90088720
Atak,23,3510,82,176828807,2.96598929
Atak,23,3540,82,185889350,3.03479672
Atak,23,3570,82,206928540,3.10290402
Atak,23,3600,82,189959041,3.17488771
Atak,23,3630,82,160343299,3.24215575
Atak,23,3653,82,162940675,3.30413818
