"magaza_turu","reyon","ad","ornek","zararli_ornek","ornek_kar_ciro_yuzde","en_dusuk_sube_nominal_tl","en_yuksek_sube_nominal_tl"
"1","0","Manav","296","8","6,7474","-4112,76","2826,19"
"2","0","Manav","283","2","19,997","-1262,72","11523,76"
"2","1","Kasap","283","3","16,8288","-4490,65","14026,7"
"2","11","Evcil hayvan","695","0","33,348","42,62","2076,23"
"2","3","Fırın ve pastane","86","2","19,1644","-162,04","1235,09"
"2","4","Balık","3","3","-143,0992","-735,03","-31,96"
"3","0","Manav","356","3","20,8739","-4432,87","24456,57"
"3","1","Kasap","508","2","21,6016","-2391,21","35854"
"3","10","Bebek","186","8","3,0188","-1559,82","661,84"
"3","11","Evcil hayvan","23","23","-63,9285","-5482,62","-16,93"
"3","12","Bahçe ve oto","88","16","6,3088","-1002,52","2703,28"
"3","13","Mevsimlik","146","16","7,5807","-2267,58","1779,1"
"3","2","Şarküteri","280","3","16,1947","-1592,11","11054,52"
"3","3","Fırın ve pastane","496","3","21,8655","-3883,54","11354,72"
"3","4","Balık","15","15","-98,5343","-4187,87","-46,23"
"3","5","Elektronik ve beyaz eşya","9","9","-19,4842","-7211,72","-63,19"
"3","6","Giyim ve ev tekstili","228","6","16,4953","-1403,5","12305,86"
"3","7","Ev ve mutfak","215","2","7,6325","-435,91","2991,75"
"3","8","Oyuncak","159","12","13,5372","-1356,7","6105,22"
"3","9","Kırtasiye ve kitap","68","30","8,7679","-3851,87","7367,38"
