tarz,tohum,yil,gun,ulusal_sira,dunya_sira,magaza,bizim_ortak_ciro,lider_ortak_ciro
Temkinli,21,1,366,29,20,1,151145,2649343793
Temkinli,21,2,731,29,20,2,291018,2742359338
Temkinli,21,3,1096,29,20,2,35,2806522293
Temkinli,21,4,1461,29,20,2,0,2851676281
Temkinli,21,5,1827,29,20,2,0,2934839710
Temkinli,21,6,2192,29,20,2,0,3037157017
Temkinli,21,7,2557,29,20,2,0,3095215116
Temkinli,21,8,2922,30,20,2,0,3168933777
Temkinli,21,9,3288,30,20,2,0,3289308589
Temkinli,21,10,3653,31,20,2,0,3360673294
Temkinli,21,11,4018,29,20,2,0,3439091198
Temkinli,21,12,4383,28,20,2,0,3551332904
Temkinli,21,13,4749,28,20,2,0,3608917786
Temkinli,21,14,5114,28,20,2,0,3764119345
Temkinli,21,15,5479,29,20,2,0,3906787046
Temkinli,21,16,5844,31,20,2,0,4022490350
Temkinli,21,17,6210,31,20,2,0,4106515797
Temkinli,21,18,6575,31,20,2,0,4247660882
Temkinli,21,19,6940,31,20,2,0,4438563514
Temkinli,21,20,7305,31,20,2,0,4531107228
Temkinli,21,21,7671,31,20,2,0,4703714880
Temkinli,21,22,8036,31,20,2,0,4818212431
Temkinli,21,23,8401,31,20,2,0,4911777117
Temkinli,21,24,8766,33,20,2,0,5017046055
Temkinli,21,25,9132,32,20,2,0,5174495485
Temkinli,21,26,9497,32,20,2,0,5294445267
Temkinli,21,27,9862,32,20,2,0,5384598971
Temkinli,21,28,10227,32,20,2,0,5614968312
Temkinli,21,29,10593,32,20,2,0,5786449255
Temkinli,21,30,10958,32,20,2,0,5980908128
Dengeli,21,1,366,30,20,3,62,2649343793
Dengeli,21,2,731,30,20,3,0,2742359338
Dengeli,21,3,1096,30,20,3,0,2806522293
Dengeli,21,4,1461,30,20,3,0,2851676281
Dengeli,21,5,1827,30,20,3,0,2934839710
Dengeli,21,6,2192,30,20,3,0,3037157017
Dengeli,21,7,2557,30,20,3,0,3095215116
Dengeli,21,8,2922,31,20,3,0,3168933777
Dengeli,21,9,3288,31,20,3,0,3289308589
Dengeli,21,10,3653,32,20,3,0,3360673294
Dengeli,21,11,4018,30,20,3,0,3439091198
Dengeli,21,12,4383,29,20,3,0,3551332904
Dengeli,21,13,4749,29,20,3,0,3608917786
Dengeli,21,14,5114,29,20,3,0,3764119345
Dengeli,21,15,5479,30,20,3,0,3906787046
Dengeli,21,16,5844,32,20,3,0,4022490350
Dengeli,21,17,6210,32,20,3,0,4106515797
Dengeli,21,18,6575,32,20,3,0,4247660882
Dengeli,21,19,6940,32,20,3,0,4438563514
Dengeli,21,20,7305,32,20,3,0,4531107228
Dengeli,21,21,7671,32,20,3,0,4703714880
Dengeli,21,22,8036,32,20,3,0,4818212431
Dengeli,21,23,8401,32,20,3,0,4911777117
Dengeli,21,24,8766,34,20,3,0,5017046055
Dengeli,21,25,9132,34,20,3,0,5174495485
Dengeli,21,26,9497,33,20,3,0,5294445267
Dengeli,21,27,9862,33,20,3,0,5384598971
Dengeli,21,28,10227,33,20,3,0,5614968312
Dengeli,21,29,10593,33,20,3,0,5786449255
Dengeli,21,30,10958,33,20,3,0,5980908128
Atak,21,1,366,30,20,4,32,2649343793
Atak,21,2,731,30,20,4,0,2742359338
Atak,21,3,1096,30,20,4,0,2806522293
Atak,21,4,1461,30,20,4,0,2851676281
Atak,21,5,1827,30,20,4,0,2934839710
Atak,21,6,2192,30,20,4,0,3037157017
Atak,21,7,2557,30,20,4,0,3095215116
Atak,21,8,2922,31,20,4,0,3168933777
Atak,21,9,3288,31,20,4,0,3289308589
Atak,21,10,3653,32,20,4,0,3360673294
Atak,21,11,4018,30,20,4,0,3439091198
Atak,21,12,4383,29,20,4,0,3551332904
Atak,21,13,4749,29,20,4,0,3608917786
Atak,21,14,5114,29,20,4,0,3764119345
Atak,21,15,5479,30,20,4,0,3906787046
Atak,21,16,5844,32,20,4,0,4022490350
Atak,21,17,6210,32,20,4,0,4106515797
Atak,21,18,6575,32,20,4,0,4247660882
Atak,21,19,6940,32,20,4,0,4438563514
Atak,21,20,7305,32,20,4,0,4531107228
Atak,21,21,7671,32,20,4,0,4703714880
Atak,21,22,8036,32,20,4,0,4818212431
Atak,21,23,8401,32,20,4,0,4911777117
Atak,21,24,8766,34,20,4,0,5017046055
Atak,21,25,9132,34,20,4,0,5174495485
Atak,21,26,9497,33,20,4,0,5294445267
Atak,21,27,9862,33,20,4,0,5384598971
Atak,21,28,10227,33,20,4,0,5614968312
Atak,21,29,10593,33,20,4,0,5786449255
Atak,21,30,10958,33,20,4,0,5980908128
