tarz,tohum,gun,magaza_turu,reyon,sube,kar30_kurus,ciro30_kurus
Temkinli,21,450,1,0,1,-12553,123470
Temkinli,21,480,1,0,1,8871,259225
Temkinli,21,510,1,0,1,19617,323840
Temkinli,21,540,1,0,1,24381,350488
Temkinli,21,570,1,0,1,19487,340194
Temkinli,21,600,1,0,1,11847,318352
Temkinli,21,630,1,0,1,4714,297737
Temkinli,21,660,1,0,1,-3431,272954
Temkinli,22,450,1,0,1,-23975,90066
Temkinli,22,480,1,0,1,-4585,220029
Temkinli,22,690,1,0,1,-26908,92802
Temkinli,22,720,1,0,1,-22898,182621
Temkinli,23,450,1,0,1,-26086,83910
Temkinli,23,480,1,0,1,-20460,174030
Atak,22,90,1,0,2,-3972,6288
Atak,23,90,1,0,2,-3876,6703
