tarz,tohum,donem,dalga,baslangic,bitis,oynanan_gun,ilk_kasa_kurus,son_kasa_kurus,en_az_kasa_kurus,net_kar_kurus
Temkinli,21,0,1,3105,3279,175,-781683,-289551,-2020618,-21018532
Temkinli,21,1,1,3280,3614,335,-324725,-1136430,-2137298,-51049633
Temkinli,21,2,1,3674,4145,0,0,0,0,0
Temkinli,21,3,1,4223,5075,0,0,0,0,0
Temkinli,21,4,1,5135,5499,0,0,0,0,0
Temkinli,21,0,2,7753,7936,0,0,0,0,0
Temkinli,21,3,2,7998,8543,0,0,0,0,0
Temkinli,22,0,1,2306,2480,175,-453695,-17026,-1430127,-8526753
Temkinli,22,1,1,2481,2814,334,-25528,-675138,-1566457,-22041956
Temkinli,22,2,1,2874,3346,473,-621618,-1573530,-1905418,-50426128
Temkinli,22,3,1,3424,4275,230,-6614,-1733981,-2263606,-37530702
Temkinli,22,4,1,4335,4699,0,0,0,0,0
Temkinli,22,0,2,6953,7136,0,0,0,0,0
Temkinli,22,3,2,7198,7744,0,0,0,0,0
Temkinli,23,0,1,1967,2141,175,-1386354,-841240,-1479618,-9707886
Temkinli,23,1,1,2142,2475,334,-866033,184629,-1443782,-23756150
Temkinli,23,2,1,2535,3006,472,-1504510,-717934,-1815578,-52287337
Temkinli,23,3,1,3084,3936,570,-1274546,-2385890,-2688929,-114626267
Temkinli,23,4,1,3996,4360,0,0,0,0,0
Temkinli,23,0,2,6614,6797,0,0,0,0,0
Temkinli,23,3,2,6859,7404,0,0,0,0,0
Dengeli,21,0,1,3105,3279,175,-310805,-1934707,-1934707,-38357995
Dengeli,21,1,1,3280,3614,335,226303,-321319,-2137371,-89391401
Dengeli,21,2,1,3674,4145,0,0,0,0,0
Dengeli,21,3,1,4223,5075,0,0,0,0,0
Dengeli,21,4,1,5135,5499,0,0,0,0,0
Dengeli,21,0,2,7753,7936,0,0,0,0,0
Dengeli,21,3,2,7998,8543,0,0,0,0,0
Dengeli,22,0,1,2306,2480,175,-722955,-404522,-1504352,-9743938
Dengeli,22,1,1,2481,2814,334,-429311,-1008297,-1695523,-24302299
Dengeli,22,2,1,2874,3346,473,-933648,2778,-1936769,-54219877
Dengeli,22,3,1,3424,4275,230,-495252,-2220674,-2220674,-39566040
Dengeli,22,4,1,4335,4699,0,0,0,0,0
Dengeli,22,0,2,6953,7136,0,0,0,0,0
Dengeli,22,3,2,7198,7744,0,0,0,0,0
Dengeli,23,0,1,1967,2141,175,-554227,-177072,-1281064,-15298495
Dengeli,23,1,1,2142,2475,334,-200428,-583837,-1452680,-35895637
Dengeli,23,2,1,2535,3006,472,-563521,-1296555,-1744549,-74080649
Dengeli,23,3,1,3084,3936,570,-1904209,-2570048,-2570048,-148404543
Dengeli,23,4,1,3996,4360,0,0,0,0,0
Dengeli,23,0,2,6614,6797,0,0,0,0,0
Dengeli,23,3,2,6859,7404,0,0,0,0,0
Atak,21,0,1,3105,3279,175,-309435,-326576,-637003,-115229257
Atak,21,1,1,3280,3614,335,-429045,-618684,-685837,-249723776
Atak,21,2,1,3674,4145,0,0,0,0,0
Atak,21,3,1,4223,5075,0,0,0,0,0
Atak,21,4,1,5135,5499,0,0,0,0,0
Atak,21,0,2,7753,7936,0,0,0,0,0
Atak,21,3,2,7998,8543,0,0,0,0,0
Atak,22,0,1,2306,2480,175,330884286,388379332,330884286,-200579991
Atak,22,1,1,2481,2814,334,391219099,473832476,372710833,161667212
Atak,22,2,1,2874,3346,473,488595450,696934737,483697869,465745506
Atak,22,3,1,3424,4275,230,660901404,637842760,622987176,3099209
Atak,22,4,1,4335,4699,0,0,0,0,0
Atak,22,0,2,6953,7136,0,0,0,0,0
Atak,22,3,2,7198,7744,0,0,0,0,0
Atak,23,0,1,1967,2141,175,372363304,396151487,344536606,-143020172
Atak,23,1,1,2142,2475,334,398520874,481881898,379020842,221231419
Atak,23,2,1,2535,3006,472,494035625,693910262,494035625,593896487
Atak,23,3,1,3084,3936,570,686356728,830053179,626602835,241386783
Atak,23,4,1,3996,4360,0,0,0,0,0
Atak,23,0,2,6614,6797,0,0,0,0,0
Atak,23,3,2,6859,7404,0,0,0,0,0
