tarz,tohum,sube,tur,acilis,oynanan_gun,kapanis,ciro_kurus,brut_kar_kurus,kira_kurus,ucret_kurus,sgk_kurus,isletme_kurus,lojistik_kurus,fire_kurus,net_kar_kurus
Temkinli,21,0,mahalle,520,180,1651,14615671,4647547,369850,2400120,539972,306102,0,97410,1031503
Dengeli,21,0,mahalle,136,180,591,12650692,3782645,344879,1957920,440602,283789,0,36550,755455
Dengeli,21,1,mahalle,290,180,571,10959621,3911133,185790,2117240,476418,293284,207324,22601,631077
Dengeli,21,2,mahalle,304,180,571,11486755,3794080,177633,2104460,473566,294066,227040,37217,517315
Dengeli,21,3,mahalle,318,180,571,10813565,3897820,209546,2143860,482312,294836,206448,9770,560818
Dengeli,21,4,mahalle,332,180,591,11985935,3820339,196495,1990800,447900,295597,238617,32215,650930
Atak,21,0,mahalle,80,156,236,5925448,2116389,296007,1742187,391996,243619,0,72729,-557420
Atak,21,1,mahalle,101,135,236,4380429,1521721,134013,1506824,339083,211534,15627,23910,-685360
Atak,21,2,mahalle,108,128,236,3807002,1350749,122192,1429341,321663,200817,-23783,31014,-699481
Atak,21,3,buyuk,115,121,236,5688220,2197607,381084,2169912,488218,380170,-15677,2704,-1206100
