tarz,tohum,gun,hat,once,sonra
Dengeli,21,300,2,0,1
Dengeli,21,570,2,1,0
Dengeli,23,420,2,0,1
Dengeli,23,630,2,1,0
Atak,21,135,0,0,1
Atak,21,135,2,0,1
Atak,21,180,0,1,0
Atak,21,195,2,1,0
Atak,22,135,0,0,1
Atak,22,135,2,0,1
Atak,22,195,1,0,1
Atak,22,285,0,1,0
Atak,22,420,0,0,1
Atak,22,420,3,0,1
Atak,22,525,2,1,2
Atak,22,690,1,1,2
Atak,22,735,3,1,2
Atak,22,750,0,1,2
Atak,22,885,2,2,3
Atak,22,1140,1,2,3
Atak,22,1185,0,2,3
Atak,22,1185,3,2,3
Atak,23,120,2,0,1
Atak,23,135,0,0,1
Atak,23,165,1,0,1
Atak,23,285,0,1,0
Atak,23,375,3,0,1
Atak,23,390,0,0,1
Atak,23,495,2,1,2
Atak,23,600,1,1,2
Atak,23,615,0,1,2
Atak,23,615,3,1,2
Atak,23,840,2,2,3
Atak,23,960,1,2,3
Atak,23,1035,3,2,3
Atak,23,1065,0,2,3
