deney,tarz,tohum,yil,ilk_sube,magaza3,magaza10,sira10,sira20,kurtarma,sikici_donem,reel_10_1,reel_son_1,kar1_kurus,kar10_kurus,olgun_10_kar30_tl,olgun_tum_kar30_tl,olgun_10_sube_ay,son_kasa_kurus,son_borc_kurus
D0,Temkinli,21,10,399,7,1,34,,1,0,0.17558280664826578,0.17558280664826578,6507404,2685284,114.49666666666666,2744.6960701754388,18,6472339,25049973
D0,Temkinli,22,10,459,7,1,35,,1,0,0.5694211764767769,0.5694211764767769,6225527,8726084,,2649.966923076923,0,5727907,21867257
D0,Temkinli,23,10,489,7,1,36,,1,0,0.7309916019436185,0.7309916019436185,5637717,11429586,,2401.5762188099807,0,6113873,18884978
D0,Dengeli,21,10,320,7,1,34,,1,0,0.44748832901869046,0.44748832901869046,5369556,5647036,-1573.0675,1491.6263636363635,4,6338177,4211461
D0,Dengeli,22,10,306,7,1,35,,2,0,0.12649626625669147,0.12649626625669147,5455643,1698765,,4496.4158724202625,0,5800663,9846417
D0,Dengeli,23,10,334,7,1,34,,1,0,0.6563552486707771,0.6563552486707771,5098339,9280738,,2688.591654501217,0,4698256,18021840
D0,Atak,21,10,187,21,139,8,,0,0,0.4126263998673246,0.4126263998673246,7282064,7061744,11903.455086567164,17766.6515937217,1675,1211320103,40050366
D0,Atak,22,10,180,21,72,8,,0,0,0.3784564960354793,0.3784564960354793,8085819,7532682,20269.118529076397,18331.004373066855,877,880706545,56784835
D0,Atak,23,10,180,22,83,8,,0,0,0.5731801600483127,0.5731801600483127,7342869,11672712,20676.243953051642,18063.21853460452,1065,1131969168,45215704
D1,Temkinli,21,10,399,8,86,8,,0,0,0.2763245734856567,0.2763245734856567,6507404,4225983,26830.374816462736,21947.084514820595,899,2717979534,0
D1,Temkinli,22,10,459,8,79,8,,0,0,0.35322638332403566,0.35322638332403566,6225527,5413011,30926.092555948173,20804.342930279556,849,2297984902,0
D1,Temkinli,23,10,489,7,23,15,,0,0,0.30010428307626685,0.30010428307626685,5637717,4692349,17455.076789473685,7908.1912114537445,190,199431042,0
D1,Dengeli,21,10,320,8,45,9,,0,0,0.3991491558676893,0.3991491558676893,5371840,5039167,29038.59882075472,16960.995536537197,424,507603004,3158387
D1,Dengeli,22,10,306,7,1,35,,1,0,0.5739044264117893,0.5739044264117893,5460656,7714256,,3714.708178368121,0,1619818,20294497
D1,Dengeli,23,10,334,7,1,37,,1,0,0.6598262448384725,0.6598262448384725,5099893,9332661,,4914.345562015504,0,8712259,15027620
D1,Atak,21,10,187,25,189,7,,0,0,0.4143865482187612,0.4143865482187612,7316232,7125143,12457.338553515448,16716.53651597235,2233,1743023870,39144369
D1,Atak,22,10,180,28,151,7,,0,0,0.20564496760674153,0.20564496760674153,7989654,4044415,14592.110679507758,15175.42669772152,1869,1591859431,50920996
D1,Atak,23,10,180,29,140,7,,0,0,0.4956030941345535,0.4956030941345535,7354116,10108328,18283.926579693703,17017.98822559511,1763,1923217632,49037972
D2,Temkinli,21,10,399,7,52,9,,0,0,0.301948926023153,0.301948926023153,6524101,4629719,25031.54926739927,15271.557114577085,546,1020311602,0
D2,Temkinli,22,10,459,7,57,9,,0,0,0.31778973305815955,0.31778973305815955,6284848,4916367,29747.448019639935,17453.10996899225,611,1274994853,0
D2,Temkinli,23,10,459,7,69,9,,0,0,0.34288727214764436,0.34288727214764436,5929575,5638840,34136.09697522816,20858.930659976842,767,2160965315,0
D2,Dengeli,21,10,306,7,8,27,,0,0,0.214865956082166,0.214865956082166,5393224,2723432,8621.81,5604.149232804233,91,10377872,2523382
D2,Dengeli,22,10,334,8,112,8,,0,0,0.5744763288552458,0.5744763288552458,5485714,7757378,23274.129092609914,20362.43149134948,1069,1121055134,2660273
D2,Dengeli,23,10,334,7,1,35,,1,0,0.6047674574493075,0.6047674574493075,5260114,8822637,,2436.7448536585366,0,5104839,17448580
D2,Atak,21,10,187,21,172,7,,0,0,0.484876249142655,0.484876249142655,7094019,8083952,12707.281564659428,18510.884139799153,2026,1560475996,35641664
D2,Atak,22,10,180,28,140,7,,0,0,0.4043488418302619,0.4043488418302619,8169132,8130959,16307.934165666265,15992.801245687531,1666,1573491167,73124930
D2,Atak,23,10,180,22,110,8,,0,0,0.3534932920599687,0.3534932920599687,7875382,7720895,20119.944893772892,18379.834127232843,1365,1510589702,35784924
D3,Temkinli,21,10,399,7,51,9,,0,0,0.2831207729779292,0.2831207729779292,6507404,4329921,21834.511519699812,14289.522035928143,533,912071888,0
D3,Temkinli,22,10,459,7,55,9,,0,0,0.3195809371914693,0.3195809371914693,6225527,4897412,24348.26013675214,15111.041752411576,585,857497352,0
D3,Temkinli,23,10,489,7,62,9,,0,0,0.37448527675810533,0.37448527675810533,5637717,5855350,30121.08109985528,18968.059683516483,691,1529889152,0
D3,Dengeli,21,10,320,7,8,27,,0,0,0.4840451412937063,0.4840451412937063,5370296,6109203,7934.177252747252,5551.776904441454,91,1025904,3520304
D3,Dengeli,22,10,306,7,1,35,,1,0,0.2708557360964097,0.2708557360964097,5457640,3638753,-1902.307142857143,3991.7734436090227,7,5628061,21502715
D3,Dengeli,23,10,334,7,1,35,,1,0,0.7043368262927817,0.7043368262927817,5098411,9959329,,3125.62396484375,0,4819383,22142215
D3,Atak,21,10,187,21,126,8,,0,0,0.4036243532438736,0.4036243532438736,7300382,6925058,13233.796657771847,17623.57852133161,1499,1131897923,41834501
D3,Atak,22,10,180,29,117,8,,0,0,0.5180236793329511,0.5180236793329511,8088060,10313442,14295.435026773761,14464.132688050315,1494,1161523714,71354905
D3,Atak,23,10,180,22,62,9,,0,0,0.5606435573168486,0.5606435573168486,7344867,11420513,19158.133278688525,16286.710529399003,793,676113072,36265439
D4,Temkinli,21,10,399,7,1,34,,1,0,0.17558280664826578,0.17558280664826578,6507404,2685284,114.49666666666666,2744.6960701754388,18,6472339,25049973
D4,Temkinli,22,10,459,7,1,35,,1,0,0.5694211764767769,0.5694211764767769,6225527,8726084,,2649.966923076923,0,5727907,21867257
D4,Temkinli,23,10,489,7,1,36,,1,0,0.7309916019436185,0.7309916019436185,5637717,11429586,,2401.5762188099807,0,6113873,18884978
D4,Dengeli,21,10,278,7,1,35,,1,0,0.11645188353099684,0.11645188353099684,5414574,1481874,1287.5716666666667,3970.3136033519554,42,6014022,29405682
D4,Dengeli,22,10,278,7,1,35,,1,0,0.5400104805489456,0.5400104805489456,5409714,7190948,,2274.4642784810126,0,2049921,15650705
D4,Dengeli,23,10,306,7,1,34,,1,0,0.6643981482997446,0.6643981482997446,5148591,9487060,,2716.536731601732,0,10683674,11438925
D4,Atak,21,10,187,21,139,8,,0,0,0.4126263998673246,0.4126263998673246,7282064,7061744,11903.455086567164,17766.6515937217,1675,1211320103,40050366
D4,Atak,22,10,180,21,72,8,,0,0,0.3784564960354793,0.3784564960354793,8085819,7532682,20269.118529076397,18331.004373066855,877,880706545,56784835
D4,Atak,23,10,180,22,83,8,,0,0,0.5731801600483127,0.5731801600483127,7342869,11672712,20676.243953051642,18063.21853460452,1065,1131969168,45215704
D4b,Temkinli,21,10,399,7,1,35,,1,0,0.17117630777409334,0.17117630777409334,6507404,2617893,543.2608928571428,2677.888291233284,56,4768433,24774400
D4b,Temkinli,22,10,399,7,1,35,,1,0,0.6458510405608348,0.6458510405608348,6225527,9897332,,2354.617016129032,0,4377426,15360729
D4b,Temkinli,23,10,462,5,1,29,,1,0,0.7276725368283583,0.7276725368283583,5637717,11377690,,1260.6426213592233,0,8743515,8800216
D4b,Dengeli,21,10,320,7,1,34,,1,0,0.44748832901869046,0.44748832901869046,5369556,5647036,-1573.0675,1491.6263636363635,4,6338177,4211461
D4b,Dengeli,22,10,306,7,1,35,,2,0,0.12649626625669147,0.12649626625669147,5455643,1698765,,4496.4158724202625,0,5800663,9846417
D4b,Dengeli,23,10,334,7,1,34,,1,0,0.6563552486707771,0.6563552486707771,5098339,9280738,,2688.591654501217,0,4698256,18021840
D4b,Atak,21,10,187,21,139,8,,0,0,0.4126263998673246,0.4126263998673246,7282064,7061744,11903.455086567164,17766.6515937217,1675,1211320103,40050366
D4b,Atak,22,10,180,21,72,8,,0,0,0.3784564960354793,0.3784564960354793,8085819,7532682,20269.118529076397,18331.004373066855,877,880706545,56784835
D4b,Atak,23,10,180,22,83,8,,0,0,0.5731801600483127,0.5731801600483127,7342869,11672712,20676.243953051642,18063.21853460452,1065,1131969168,45215704
D5,Temkinli,21,10,399,7,1,34,,1,0,0.17558280664826578,0.17558280664826578,6507404,2685284,114.49666666666666,2744.6960701754388,18,6472339,25049973
D5,Temkinli,22,10,459,7,1,35,,1,0,0.5694211764767769,0.5694211764767769,6225527,8726084,,2649.966923076923,0,5727907,21867257
D5,Temkinli,23,10,489,7,1,36,,1,0,0.7309916019436185,0.7309916019436185,5637717,11429586,,2401.5762188099807,0,7414819,22367380
D5,Dengeli,21,10,320,7,1,34,,1,0,0.4477832716329411,0.4477832716329411,5369556,5650758,,1525.671962264151,0,14008087,5092214
D5,Dengeli,22,10,306,7,1,35,,2,0,0.11561086999148222,0.11561086999148222,5455643,1552581,,4496.4158724202625,0,5740831,11242168
D5,Dengeli,23,10,334,7,1,34,,1,0,0.6520326302374146,0.6520326302374146,5098339,9219617,,2688.591654501217,0,3999477,18669392
D5,Atak,21,10,187,21,133,8,,0,0,0.43211800700014363,0.43211800700014363,7282064,7395326,11559.816861404599,17655.538779966406,1609,1179569773,39961852
D5,Atak,22,10,180,21,62,9,,0,0,0.39193304015364133,0.39193304015364133,8085819,7800915,18904.584693094628,16489.978167115903,782,764373579,57225124
D5,Atak,23,10,180,22,78,8,,0,0,0.57019398125173,0.57019398125173,7342869,11611899,20108.97236,17991.538687307624,1000,969448904,46928767
D6,Temkinli,21,10,399,9,114,8,,0,0,0.28100159466048447,0.28100159466048447,6524101,4308538,25639.32246017699,23186.839037166377,1130,3764022578,0
D6,Temkinli,22,10,459,8,101,8,,0,0,0.3435684037007686,0.3435684037007686,6284848,5315176,32033.855276679842,23269.077270712107,1012,3489324770,0
D6,Temkinli,23,10,459,8,104,8,,0,0,0.3903097024577407,0.3903097024577407,5929575,6418710,34758.11120192308,24294.508777188326,1040,3701505682,0
D6,Dengeli,21,10,306,8,189,7,,0,0,0.4725439600709226,0.4725439600709226,5398914,5995827,17801.4831197479,21167.62023434078,1904,1616790850,1557184
D6,Dengeli,22,10,334,9,178,7,,0,0,0.5678474375547604,0.5678474375547604,5487113,7669821,16084.860014756518,17441.166726091556,2033,1712711079,3205390
D6,Dengeli,23,10,334,8,161,7,,0,0,0.6206351164660405,0.6206351164660405,5261646,9056759,18682.601308016878,19101.030501314635,1896,1789914593,2925142
D6,Atak,21,10,187,24,235,7,,0,0,0.35887699720688293,0.35887699720688293,7123824,6008406,12189.549307004472,15527.805796111403,2684,1933045754,39307098
D6,Atak,22,10,180,31,186,7,,0,0,0.2142404367092102,0.2142404367092102,8056934,4248943,15480.020926354793,15403.86066270327,2159,1978610694,43780294
D6,Atak,23,10,180,32,174,8,,0,0,0.2625587974566469,0.2625587974566469,7897323,5750708,17278.902715877437,16315.339799891344,2154,2265163496,62609426
D6_30,Temkinli,21,30,399,9,114,8,7,0,0,0.28100159466048447,0.3266269262016624,6524101,4308538,25639.32246017699,49811.65365851467,1130,34955042184,0
D6_30,Dengeli,21,30,306,8,189,7,5,0,0,0.4725439600709226,0.5376991026284412,5398914,5995827,17801.4831197479,67676.55710329427,1904,38741819466,16627770
D6_30,Atak,21,30,187,24,235,7,5,0,0,0.35887699720688293,0.6058535027023138,7123824,6008406,12189.549307004472,56346.92684463712,2684,41122914516,26263098
