tarz,tohum,yil,acil_mal,mal_parasi_uyari,bos_raf_ayi,bos_raf_istek,patron_net_maas_kurus,patron_net_kar_payi_kurus,son_servet_kurus
Temkinli,21,10,1,6,121,10977,14089260,0,1360110
Temkinli,22,10,0,9,121,9781,13983592,0,881842
Temkinli,23,10,0,5,121,10640,14362367,0,701717
Dengeli,21,10,0,13,121,12706,14006358,0,1277208
Dengeli,22,10,2,18,121,41553,10281506,380970,0
Dengeli,23,10,1,4,121,12279,13433591,0,0
Atak,21,10,0,0,121,9425,15327984,0,2598834
Atak,22,10,0,0,121,6812,15776655,337705,3012610
Atak,23,10,0,0,121,10017,16449654,4386935,7175939
Temkinli,21,30,1,9,361,34640,375595672,80655565,139521281
Dengeli,21,30,0,13,361,30647,383253978,0,63883128
Atak,21,30,3,12,361,41180,345157995,0,25787145
