tarz,tohum,gun,takvim_yili,ay,musteri,alan,kaybolan,satilan_adet,pahali_istek,bos_raf_istek,rafta_yok_istek,bekleme_kaybi,kart_kaybi,ciro_kurus,mal_maliyeti_kurus,brut_kar_kurus,ucret_kurus,sgk_kurus,kira_kurus,isletme_kurus,fire_kurus,aile_diger_gider_kurus,aile_favok_kurus,sirket_favok_kurus,sirket_net_kurus,faiz_kurus,vergi_kurus,vergi_odeme_kurus,toptanci_vade_kurus,kasa_kurus,patron_net_maas_kurus,patron_net_kar_payi_kurus,servet_kurus,mudur_gunluk_maliyet_kurus,aile_mudur_gunluk_maliyet_kurus,calisan,kasiyer,gorevli,ik,musavir,raf_ortalama_kurus,liste_ortalama_kurus,alis_ortalama_kurus,stok_maliyeti_ortalama_kurus,bot_hedef_ortalama_kurus,liste_duzeyi,yerel_pay,butce_carpani,donem_butce,donem_ithal_carpani,donem_talep_carpani,donem,rakip_fiyatlari,mudurler,siparis_kurus,magaza,patron_sirket_maliyeti_kurus,oyun_yili,ilk_gun,oynanan_gun,brut_marj_yuzde,raf_alis_marj_yuzde,donemler,aile_mudur_patron_sonrasi_favok_kurus
Temkinli,21,366,2012,3,20192,18263,1929,88121,2760,953,0,32,1597,36857415,25533694,11109940,2303450,518396,761950,890631,0,94910,6540603,5438784,4025614,0,1413170,1484258,0,3528350,921726,0,156276,0,0,2.7759562841530054,0.674863387978142,2.0,0.0,0.10109289617486339,463.4215101584699,476.3158222868853,318.84090909836067,319.1013413060109,461.3828862431694,1.040633426229508,29.079650308743172,1.0,1.0,1.0,1.0,none,0:1.0500|1:0.9300|2:1.0300|3:0.9400|4:0.9500|5:1.1000|6:0.8200|,,25985184,1,1562793,1,1,366,30.14302549432726,31.19850889326846,none,4977810
Temkinli,21,731,2013,3,19978,17939,2039,95025,2115,1295,0,49,1694,40308775,28519162,11580662,1850900,416482,818544,956726,0,23127,7514883,7664126,5073245,0,2590881,2590881,0,7831133,994875,0,324951,0,0,3.334246575342466,0.0,2.0,0.33424657534246577,1.0,472.79016191506855,513.0136986821918,330.1084682493151,330.10585306301374,472.3790784273973,1.1210992712328767,33.72446359452054,1.0,1.0,1.0,1.0,none,0:1.0500|1:0.9300|2:1.0300|3:0.9400|4:0.9500|5:1.1000|6:0.8200|,,28754630,5,1686825,2,367,365,28.72987829573089,30.178651156320935,none,5828058
Temkinli,21,1096,2014,3,16910,14939,1971,69932,2174,720,0,0,1691,33876605,21626869,12063419,2003300,451005,878505,1026742,0,0,7703867,19546845,12291454,0,7255391,7255391,0,18902521,1077786,0,507687,3369588,0,4.0,0.0,2.0,1.0,1.0,535.0790784739726,550.8779577835616,341.3836861726027,340.5777085945206,533.5422166849315,1.2031732383561644,25.204920589041095,1.0,1.0,1.0,1.0,none,0:1.0500|1:0.9300|2:1.0300|3:0.9400|4:0.9500|5:1.1000|6:0.8200|,Emine Uçar:4:11628|Emine Uçar:4:12090|Emine Uçar:4:12592,21841736,9,1827393,3,732,365,35.609881804862084,36.199395583505634,none,5876474
Temkinli,21,1461,2015,3,16443,14319,2124,66513,2223,626,0,0,1866,35449410,22350566,12908343,2185800,491950,947218,1107115,0,0,8176260,58589166,38782500,0,19806666,19806666,0,44702667,1175322,0,706959,10071076,0,4.0,0.0,2.0,1.0,1.0,574.7795765808219,593.7247819671232,362.7276463479452,361.9100871835617,574.0541718684932,1.2972740301369863,24.185227008219176,1.0,1.0,1.0,1.0,none,0:1.0500|1:0.9300|2:1.0300|3:0.9400|4:0.9500|5:1.1000|6:0.8200|,Emine Uçar:4:12592|Emine Uçar:4:13310|Emine Uçar:4:13389|Emine Uçar:4:14744|Emine Uçar:4:14824|Emine Uçar:4:16258|Emine Uçar:4:16943|Emine Uçar:4:17026|Selin Soylu:6:16776|Emine Uçar:4:17110|Emine Uçar:4:18521|Emine Uçar:4:18604|Emine Uçar:4:20182|Emine Uçar:4:21068|Selin Soylu:6:17514|Emine Uçar:4:22542|Emine Uçar:4:24016,22552644,16,1992768,4,1097,365,36.41342126709584,36.89273921218724,none,6183492
Temkinli,21,1827,2016,3,15984,13623,2361,64504,2273,594,0,0,2077,36947789,22939987,13811374,2375100,534487,1028970,1202786,0,33980,8636051,198778569,140365488,0,58413081,56738618,0,170319010,1272858,0,922767,19340543,0,3.9972677595628414,0.0,2.0,0.9972677595628415,1.0,620.5768753551913,643.3525831393442,386.2498757513661,385.03092406284156,620.2115002185793,1.4053722759562843,22.96486280874317,1.0,1.0,1.0,1.0,none,0:1.0500|1:0.9300|2:1.0300|3:0.9400|4:0.9500|5:1.1000|6:0.8200|,Emine Uçar:4:24016|Selin Soylu:6:17514|Emine Uçar:4:24103|Emine Uçar:4:25663|Emine Uçar:4:27223|Emine Uçar:4:27310|Emine Uçar:4:28784|Emine Uçar:4:30344|Emine Uçar:4:31697|Selin Soylu:6:18294|Emine Uçar:4:33237|Emine Uçar:4:34867|Emine Uçar:4:36407|Emine Uçar:4:38036|Emine Uçar:4:39576|Emine Uçar:4:41207|Emine Uçar:4:43124|Selin Soylu:6:19146|Emine Uçar:4:44735|Emine Uçar:4:46441,23224624,28,2158143,5,1462,366,37.380786168287365,37.759544209523845,none,6477908
Temkinli,21,2192,2017,3,16031,13584,2447,63797,2060,499,0,0,2240,39884605,24763385,14897903,2606800,586710,1116944,1305503,0,3729,9278217,398301381,284239667,0,114061714,115736177,0,335217974,1404537,0,1160904,26130612,0,4.0,0.0,2.0,1.0,1.0,674.8032377835617,700.1220423863014,419.4378579205479,417.95392280547946,674.6237858054794,1.5297444164383562,22.833650627397258,1.0,1.0,1.0,1.0,none,0:1.0500|1:0.9300|2:1.0300|3:0.9400|4:0.9500|5:1.1000|6:0.8200|,Emine Uçar:4:46441|Selin Soylu:6:19146|Emine Uçar:4:48052|Emine Uçar:4:49758|Emine Uçar:4:52097|Selin Soylu:6:20045|Emine Uçar:4:55002|Selin Soylu:6:21163,25081800,40,2381400,6,1828,365,37.35251483623819,37.84293932877074,none,6896817
Temkinli,21,2557,2018,3,16067,13321,2746,64341,2018,529,0,3,2515,43817017,27032329,16529407,2898800,652410,1231749,1439665,0,10066,10296717,1077996604,786482799,0,291513805,291513805,0,884343567,1560597,0,1425501,29222508,0,4.0,0.0,2.0,1.0,1.0,742.5958903671233,771.9694893890411,458.7009962657534,456.7854296136986,739.7686176849315,1.6867796027397262,23.321046093150684,1.0,1.0,1.0,1.0,none,0:1.0500|1:0.9200|2:1.0300|3:0.9300|4:0.9400|5:1.1000|6:0.8200|,Emine Uçar:4:55002|Selin Soylu:6:21163|Emine Uçar:4:58116|Selin Soylu:6:22361|Emine Uçar:4:58338|Emine Uçar:4:61592|Selin Soylu:6:23608,27405902,52,2646000,7,2193,365,37.72371587960906,38.230065340250995,none,7650717
Temkinli,21,2922,2019,3,16801,13560,3241,69449,2080,543,0,2,3036,50674738,31610460,18791511,3234800,728008,1367651,1598486,0,54535,11808031,1642436651,1186156387,0,456280264,456280264,0,1782418728,1745916,0,1721517,32746464,0,3.9863013698630136,0.0,2.0,0.9863013698630136,1.0,819.4508093835617,857.1550435643836,509.38480703835614,507.10311333972606,816.7381071095891,1.872964882191781,25.550271890410958,1.0,1.0,1.0,1.0,none,0:1.0500|1:0.9300|2:1.0300|3:0.9400|4:0.9500|5:1.1000|6:0.8200|,Emine Uçar:4:61592|Selin Soylu:6:23608|Emine Uçar:4:65079|Selin Soylu:6:24945|Emine Uçar:4:69925|Selin Soylu:6:26803,32000778,65,2960211,8,2558,365,37.08260119667516,37.83826909371841,none,8847820
Temkinli,21,3288,2020,3,14654,11531,3123,54344,2403,406,0,0,2804,47033027,29403684,17336062,3739900,841690,1557438,1820505,0,29856,9346673,1918049448,1328404585,0,589644863,589644863,0,2548165488,2014146,307344613,309407626,60202262,0,4.0,0.0,2.0,1.0,1.0,936.2959512704919,973.5506706338798,587.5999750874316,583.4092151010929,933.8662444426229,2.126791852459016,19.762523346994538,0.9972677595628415,0.9972677595628415,1.1211407103825135,0.962290568306011,1,0:1.0500|1:0.9300|2:1.0300|3:0.9400|4:0.9500|5:1.1000|6:0.8200|,Emine Uçar:4:69925|Selin Soylu:6:26803|Emine Uçar:4:75215|Selin Soylu:6:28830|Pınar Polat:1:20981|Tuğba Tunç:1:19839|Mehmet Çelik:1:22835|Esra Soylu:2:42103|Halil Korkmaz:1:19410|Yasemin Çetin:1:20981|Emine Uçar:4:80848|Selin Soylu:6:30989|Pınar Polat:1:22551|Tuğba Tunç:1:21324|Mehmet Çelik:1:24545|Esra Soylu:2:45256|Halil Korkmaz:1:20864|Yasemin Çetin:1:22551|Gamze Kaplan:1:20096|Volkan Tunç:2:40654|Levent Arslan:1:21631,29878730,83,3414996,9,2923,366,36.85933716322362,37.24206814201244,none|0|1,5931677
Temkinli,21,3653,2021,3,13825,10245,3580,47871,3496,262,0,0,3043,46947195,29241862,17429354,4294700,966495,1786026,2087541,0,32591,8262001,2044812421,1357471796,0,687340625,687340625,0,3137597960,2316513,0,309800389,230554334,0,4.0,0.0,2.0,1.0,1.0,1075.3443337068493,1119.5062266876712,669.9769614739727,667.3135740876712,1072.7150684821918,2.4456721561643837,19.434958164383563,0.910958904109589,0.910958904109589,1.0963356164383562,0.812669194520548,none,0:1.0500|1:0.9300|2:1.0300|3:0.9400|4:0.9500|5:1.1000|6:0.8200|,Emine Uçar:4:80848|Selin Soylu:6:30989|Pınar Polat:1:22551|Tuğba Tunç:1:21324|Mehmet Çelik:1:24545|Esra Soylu:2:45256|Halil Korkmaz:1:20864|Yasemin Çetin:1:22551|Gamze Kaplan:1:20096|Volkan Tunç:2:40654|Levent Arslan:1:21631|Gamze Erdoğan:1:23778|Ufuk Kocabaş:1:22704|Can Korkmaz:2:41268|Murat Uçar:1:22090|Kadir Akgül:2:42648|Volkan Duman:3:64433|Emine Uçar:4:86964|Selin Soylu:6:33333|Pınar Polat:1:24257|Tuğba Tunç:1:22938|Mehmet Çelik:1:26402|Esra Soylu:2:48680|Halil Korkmaz:1:22442|Yasemin Çetin:1:24257|Gamze Kaplan:1:21618|Volkan Tunç:2:43730|Levent Arslan:1:23268|Gamze Erdoğan:1:25578|Ufuk Kocabaş:1:24423|Can Korkmaz:2:44390|Murat Uçar:1:23763|Kadir Akgül:2:45875|Volkan Duman:3:69308|Serap Uçar:1:24423|Sevgi Öztürk:1:26238|Halil Arslan:1:23268|Mustafa Aydın:1:24092|Emre Çetin:1:24588|Selin Yılmaz:1:25743|Fatma Yavuz:2:43399|Halil Sarı:3:63862|Emine Uçar:4:92223|Selin Soylu:6:35350|Pınar Polat:1:25725|Tuğba Tunç:1:24325|Mehmet Çelik:1:28000|Esra Soylu:2:51624|Halil Korkmaz:1:23799|Yasemin Çetin:1:25725|Gamze Kaplan:1:22925|Volkan Tunç:2:46374|Levent Arslan:1:24674|Gamze Erdoğan:1:27124|Ufuk Kocabaş:1:25899|Can Korkmaz:2:47074|Murat Uçar:1:25199|Kadir Akgül:2:48650|Volkan Duman:3:73499|Serap Uçar:1:25899|Sevgi Öztürk:1:27825|Halil Arslan:1:24674|Mustafa Aydın:1:25550|Emre Çetin:1:26074|Selin Yılmaz:1:27299|Fatma Yavuz:2:46024|Halil Sarı:3:67724|Erdem Yavuz:1:26074|Volkan Kocabaş:1:22749,29028924,119,3927657,10,3289,365,37.12544274476888,37.69651817809124,1|none,4334344
Temkinli,22,366,2012,3,19857,17806,2051,84238,2274,1002,0,23,1607,35726615,24637291,10874733,2312000,520244,761950,890631,0,97924,6291984,5049557,3679266,0,1370291,1434043,0,3152632,921726,0,156276,0,0,2.7349726775956285,0.6912568306010929,2.0,0.0,0.04371584699453552,465.66753598633875,476.3158222868853,320.26092894808744,320.2928464918033,463.28837555191257,1.040633426229508,27.476536527322402,1.0,1.0,1.0,1.0,none,0:1.0500|1:0.9300|2:1.0300|3:0.9400|4:0.9500|5:1.1000|6:0.8200|,,25119388,1,1562793,1,1,366,30.43874433668009,31.22541208080202,none,4729191
Temkinli,22,731,2013,3,20621,18401,2220,98954,1667,1316,0,58,1789,41828100,30163377,11447089,1850900,416419,818544,956726,0,24032,7380468,6743297,4659674,0,2083623,2083623,0,7190492,994875,0,324951,0,0,3.1616438356164385,0.0,2.0,0.16164383561643836,1.0,462.74346219452053,513.0136986821918,331.05479454246574,330.79676216438355,462.1285180739726,1.1210992712328767,34.82153681369863,1.0,1.0,1.0,1.0,none,0:1.0500|1:0.9300|2:1.0300|3:0.9400|4:0.9500|5:1.1000|6:0.8200|,,30402726,4,1686825,2,367,365,27.36698296121507,28.45824488314384,none,5693643
Temkinli,22,1096,2014,3,17082,15049,2033,74216,1737,757,0,0,1705,35756077,22873568,12695618,2003300,451005,878505,1026742,0,5280,8330786,18080260,11341348,0,6738912,6738912,0,17184927,1077786,0,507687,2719872,0,4.0,0.0,2.0,1.0,1.0,532.8051058849315,550.8779577835616,340.05828153972607,339.33349933150686,531.7549190630137,1.2031732383561644,26.460027939726025,1.0,1.0,1.0,1.0,none,0:1.0500|1:0.9300|2:1.0300|3:0.9400|4:0.9500|5:1.1000|6:0.8200|,Osman Özkan:4:12549|Osman Özkan:4:13070,23111584,9,1827393,3,732,365,35.5061826273615,36.17585909299309,none,6503393
Temkinli,22,1461,2015,3,16128,14030,2098,65106,1901,664,0,0,1720,35342749,22132651,13021244,2185800,491950,947218,1107115,0,1055,8288106,46245616,29705256,0,16540360,16540360,0,35093841,1175322,0,706959,9080594,0,4.0,0.0,2.0,1.0,1.0,578.0105853315068,593.7247819671232,363.02179326027397,361.74968868493147,577.270734739726,1.2972740301369863,23.271177712328765,1.0,1.0,1.0,1.0,none,0:1.0500|1:0.9300|2:1.0300|3:0.9400|4:0.9500|5:1.1000|6:0.8200|,Osman Özkan:4:13070|Osman Özkan:4:14345|Osman Özkan:4:14424|Osman Özkan:4:14504|Osman Özkan:4:15938|Osman Özkan:4:16611|Osman Özkan:4:16694|Osman Özkan:4:18189|Esin Uysal:6:18189|Osman Özkan:4:18272|Osman Özkan:4:19767|Osman Özkan:4:20635|Esin Uysal:6:18987|Osman Özkan:4:22282,22377748,14,1992768,4,1097,365,36.842759458241346,37.19461157409949,none,6295338
Temkinli,22,1827,2016,3,15731,13400,2331,64455,1713,557,0,0,1997,37280193,23321621,13742906,2375100,534660,1028970,1202786,0,12174,8589216,156257741,108241849,0,48015892,46576571,0,128784200,1272858,0,922767,19312132,0,4.0,0.0,2.0,1.0,1.0,622.2963238907104,643.3525831393442,389.71907599180327,388.62580725136615,620.8380526284153,1.4053722759562843,22.15636463114754,1.0,1.0,1.0,1.0,none,0:1.0500|1:0.9300|2:1.0300|3:0.9400|4:0.9500|5:1.1000|6:0.8200|,Osman Özkan:4:22282|Esin Uysal:6:18987|Osman Özkan:4:23842|Osman Özkan:4:25403|Osman Özkan:4:27050|Osman Özkan:4:28611|Osman Özkan:4:29886|Esin Uysal:6:19834|Osman Özkan:4:31516|Osman Özkan:4:33237|Osman Özkan:4:34867|Osman Özkan:4:36496|Osman Özkan:4:38218|Osman Özkan:4:39848|Osman Özkan:4:41703|Esin Uysal:6:20756|Osman Özkan:4:43408|Osman Özkan:4:45209,23615954,26,2158143,5,1462,366,36.863827394885,37.374035322078015,none,6431073
Temkinli,22,2192,2017,3,15667,13193,2474,63543,1566,576,0,0,2194,38903612,24096530,14592197,2613200,588146,1117441,1306045,0,44226,8923139,341365581,241880674,0,99484907,100924228,0,283932203,1409415,0,1161732,27443940,0,3.9945205479452053,0.0,2.0,0.9945205479452055,1.0,675.4607720630138,700.4109589506849,419.86077205205476,418.31892901917803,674.9811954986302,1.5303907506849315,23.049248605479452,1.0,1.0,1.0,1.0,none,0:1.0500|1:0.9300|2:1.0300|3:0.9400|4:0.9500|5:1.1000|6:0.8200|,Osman Özkan:4:45209|Esin Uysal:6:20756|Osman Özkan:4:46915|Osman Özkan:4:48621|Osman Özkan:4:50422|Osman Özkan:4:52127|Osman Özkan:4:54577|Esin Uysal:6:21731|Osman Özkan:4:58894|Esin Uysal:6:23450,24422690,38,2389668,6,1828,365,37.5085917472136,37.84083555737773,none,6533471
Temkinli,22,2557,2018,3,14702,11954,2748,56293,2115,470,0,0,2318,40039635,25019660,14769536,2997700,674570,1267091,1481008,0,57880,8291287,709170570,490801172,0,218369398,218369398,0,596686603,1619115,0,1436247,32092530,0,4.0,0.0,2.0,1.0,1.0,772.4508094904111,794.2739727178082,486.5721045342466,482.7769614136986,766.5183063260273,1.7351105068493151,20.816744301369862,0.9786301369863013,0.9786301369863013,1.1612945205479452,0.9241715178082193,1,0:1.0500|1:0.9300|2:1.0300|3:0.9400|4:0.9500|5:1.1000|6:0.8200|,Osman Özkan:4:58894|Esin Uysal:6:23450|Osman Özkan:4:63626|Esin Uysal:6:25335|Osman Özkan:4:67772|Esin Uysal:6:26986,25483220,50,2745225,7,2193,365,36.88728930720772,37.00930874093586,none|0|1,5546062
Temkinli,22,2922,2019,3,14309,11334,2975,53398,2641,438,0,0,2444,43932921,27158643,16528607,3429300,771690,1444980,1688986,0,46126,9147525,1185031367,830831534,0,354199833,354199833,0,1013459113,1848330,0,1749627,36494601,0,4.0,0.0,2.0,1.0,1.0,875.5672478082191,905.5118305863014,543.1139476849315,541.3529265232877,870.6892901643837,1.9788475369863014,20.98424917260274,0.9298630136986301,0.9298630136986301,1.0565136986301369,0.8512328767123287,2,0:1.0500|1:0.9300|2:1.0300|3:0.9400|4:0.9500|5:1.1000|6:0.8200|,Osman Özkan:4:67772|Esin Uysal:6:26986|Osman Özkan:4:72258|Esin Uysal:6:28772|Osman Özkan:4:75945|Esin Uysal:6:30240,27443630,63,3133857,8,2558,365,37.62237207036609,37.97004752696128,1|none|2,6013668
Temkinli,22,3288,2020,3,11448,8997,2451,44029,1332,155,0,0,2213,40334925,24580667,15481810,3849500,866350,1611135,1883192,0,146341,7125292,1879923915,1321649175,0,558274740,558274740,0,1911952140,2072664,0,2101041,52788646,0,3.9945355191256833,0.0,2.0,0.994535519125683,1.0,970.899776431694,1007.1417039398907,595.6494038961748,592.5224789153006,966.7357178688525,2.2003299945355193,19.585379969945357,1.0,1.0,1.0,1.0,2,0:1.0500|1:0.9300|2:1.0300|3:0.9400|4:0.9500|5:1.1000|6:0.8200|,Osman Özkan:4:75945|Esin Uysal:6:30240|Osman Özkan:4:79881|Esin Uysal:6:31807|Hülya Yavuz:1:21931|Can Yılmaz:1:20769|Emre Aktaş:1:19607|Gamze Taş:2:40522|Osman Özkan:4:87704|Esin Uysal:6:34922|Hülya Yavuz:1:24079|Can Yılmaz:1:22803|Emre Aktaş:1:21527|Gamze Taş:2:44490|Kadir Tekin:1:25674|Yusuf Güler:1:21049,24810676,77,3514218,9,2923,366,38.38313818607571,38.64975372789359,2,3611074
Temkinli,22,3653,2021,3,13330,9860,3470,48583,2270,248,0,0,3018,50544681,30505060,19751132,4585500,1032332,1870918,2186729,0,193104,9882549,2338928907,1575217552,0,763711355,763711355,0,2855232643,2492082,0,2523573,204152713,0,3.9917808219178084,0.0,2.0,0.9917808219178083,1.0,1129.9732254520547,1172.6245329205478,686.3567870273972,680.8765878191781,1123.7716064575343,2.561577063013699,19.078924378082192,0.9683561643835616,0.9683561643835616,1.0,0.9540753424657534,3,0:1.0500|1:0.9300|2:1.0300|3:0.9400|4:0.9500|5:1.1000|6:0.8200|,Osman Özkan:4:87704|Esin Uysal:6:34922|Hülya Yavuz:1:24079|Can Yılmaz:1:22803|Emre Aktaş:1:21527|Gamze Taş:2:44490|Kadir Tekin:1:25674|Yusuf Güler:1:21049|Hatice Şimşek:1:25035|Kadir Doğan:2:46244|Erdem Uysal:1:23281|Yasemin Kurt:1:22643|Osman Özkan:4:96385|Esin Uysal:6:38379|Hülya Yavuz:1:26462|Can Yılmaz:1:25060|Emre Aktaş:1:23658|Gamze Taş:2:48893|Kadir Tekin:1:28214|Yusuf Güler:1:23133|Hatice Şimşek:1:27513|Kadir Doğan:2:50822|Erdem Uysal:1:25587|Yasemin Kurt:1:24885|Bülent Yavuz:1:23133|Serkan Bozkurt:2:48018|Pınar Şimşek:1:27513|Merve Koç:2:49069|Mustafa Arslan:3:72727|Derya Kaplan:1:26988|Emre Güler:1:26813|Kaan Çelik:1:25060|Osman Özkan:4:110055|Esin Uysal:6:43822|Hülya Yavuz:1:30215|Can Yılmaz:1:28615|Emre Aktaş:1:27014|Gamze Taş:2:55828|Kadir Tekin:1:32216|Yusuf Güler:1:26413|Hatice Şimşek:1:31415|Kadir Doğan:2:58029|Erdem Uysal:1:29215|Yasemin Kurt:1:28414|Bülent Yavuz:1:26413|Serkan Bozkurt:2:54827|Pınar Şimşek:1:31415|Merve Koç:2:56028|Mustafa Arslan:3:83042|Derya Kaplan:1:30815|Emre Güler:1:30615|Kaan Çelik:1:28615|Esra Polat:1:29215|Seda Yılmaz:1:32416,30599450,107,4225329,10,3289,365,39.07657860181173,39.25902211065092,2|none|3,5657220
Temkinli,23,366,2012,3,19402,17599,1803,82347,2381,1054,0,9,1378,35454465,24357241,10878540,2613200,588024,761950,890631,0,88024,5936711,4892248,3570988,0,1321260,1364662,0,3072607,921726,0,156276,0,0,3.0437158469945356,1.0,2.0,0.0,0.04371584699453552,466.2630402459016,476.3158222868853,319.7375807404372,320.02136118032786,463.7446596967213,1.040633426229508,26.45378063661202,1.0,1.0,1.0,1.0,none,0:1.0500|1:0.9300|2:1.0300|3:0.9400|4:0.9500|5:1.1000|6:0.8200|,,24814512,1,1562793,1,1,366,30.683131165566877,31.425493092523187,none,4373918
Temkinli,23,731,2013,3,21249,19037,2212,102483,2143,1324,0,52,1760,42362736,30721048,11418997,2059150,463280,818544,956726,0,30403,7090894,6407700,4339829,0,2067871,2067871,0,6843437,994875,0,324951,0,0,3.356164383561644,0.2328767123287671,2.0,0.1232876712328767,1.0,461.265255230137,513.0136986821918,330.66712327123287,330.8727272958904,461.0839351890411,1.1210992712328767,35.853046610958906,1.0,1.0,1.0,1.0,none,0:1.0500|1:0.9300|2:1.0300|3:0.9400|4:0.9500|5:1.1000|6:0.8200|,,30904964,4,1686825,2,367,365,26.955286835109046,28.313021732743643,none,5404069
Temkinli,23,1096,2014,3,17598,15601,1997,79096,1925,971,0,0,1658,37025763,23871736,12966590,2003300,450705,878505,1026742,0,5048,8602290,16524205,10215582,0,6308623,6308623,0,15798122,1077786,0,507687,2071611,0,4.0,0.0,2.0,1.0,1.0,531.0797011260274,550.8779577835616,340.9652552630137,340.2952677561644,530.9148194328767,1.2031732383561644,27.926003610958904,1.0,1.0,1.0,1.0,none,0:1.0500|1:0.9300|2:1.0300|3:0.9400|4:0.9500|5:1.1000|6:0.8200|,Selin Doğan:4:10942|Selin Doğan:4:11019|Selin Doğan:4:11476,24135690,9,1827393,3,732,365,35.020453190930866,35.79772404404113,none,6774897
Temkinli,23,1461,2015,3,16266,14225,2041,66761,2152,567,0,0,1732,35415820,22155343,13074972,2185800,491885,947218,1107115,0,1844,8341110,50660930,33253740,0,17407190,17407190,0,37237557,1175322,0,706959,7776943,0,4.0,0.0,2.0,1.0,1.0,576.6537982219178,593.7247819671232,361.08443340273976,360.3323785972603,574.920174339726,1.2972740301369863,23.91694935342466,1.0,1.0,1.0,1.0,none,0:1.0500|1:0.9300|2:1.0300|3:0.9400|4:0.9500|5:1.1000|6:0.8200|,Selin Doğan:4:11476|Selin Doğan:4:11555|Selin Doğan:4:12831|Selin Doğan:4:13372|Selin Doğan:4:14700|Selin Doğan:4:16029|Selin Doğan:4:16112|İbrahim Güneş:6:15614|Selin Doğan:4:16196|Selin Doğan:4:17524|Selin Doğan:4:18294|İbrahim Güneş:6:16300|Selin Doğan:4:19768,22393326,14,1992768,4,1097,365,36.91845056813594,37.38280498348836,none,6348342
Temkinli,23,1827,2016,3,16033,13819,2214,64834,2176,639,0,0,1862,37587121,23717187,13672245,2388100,537330,1029472,1203307,0,10889,8503147,158787999,110155199,0,48632800,47105668,0,132665933,1282614,0,924423,17059063,0,4.0,0.0,2.0,1.0,1.0,620.2924738661202,643.6040734808743,391.8698460874317,390.4714357021858,620.6225782213115,1.4059911885245902,23.18860486885246,1.0,1.0,1.0,1.0,none,0:1.0500|1:0.9300|2:1.0300|3:0.9400|4:0.9500|5:1.1000|6:0.8200|,Selin Doğan:4:19768|İbrahim Güneş:6:16300|Selin Doğan:4:21155|Selin Doğan:4:22542|Selin Doğan:4:24016|Selin Doğan:4:25403|Selin Doğan:4:26535|İbrahim Güneş:6:17026|Selin Doğan:4:27984|Selin Doğan:4:28075|Selin Doğan:4:29614|Selin Doğan:4:31064|Selin Doğan:4:32513|Selin Doğan:4:32693|Selin Doğan:4:34142|Selin Doğan:4:35682|Selin Doğan:4:38187|İbrahim Güneş:6:18221|Selin Doğan:4:39738|Selin Doğan:4:41289,23984328,26,2174679,5,1462,366,36.37481306429402,36.82498779245058,none,6328468
Temkinli,23,2192,2017,3,15280,12961,2319,61103,2308,540,0,0,1937,39004221,24666180,14118283,2711000,610108,1149744,1343854,0,46875,8256702,294933227,200761997,0,94171230,95698362,0,277523016,1463058,0,1172481,25150402,0,3.9972602739726026,0.0,2.0,0.9972602739726028,1.0,696.6089663726027,720.7440847123287,443.44545453424655,440.45579078630135,695.6064756931506,1.5744647369863014,21.83544663561644,0.9857534246575342,0.9857534246575342,1.1473150684931506,0.9384180931506849,1,0:1.0500|1:0.9300|2:1.0300|3:0.9400|4:0.9500|5:1.1000|6:0.8200|,Selin Doğan:4:41289|İbrahim Güneş:6:18221|Selin Doğan:4:42936|Selin Doğan:4:44487|Selin Doğan:4:46135|Selin Doğan:4:47686|Selin Doğan:4:51068|İbrahim Güneş:6:19514|Selin Doğan:4:54396|İbrahim Güneş:6:20786,25020082,38,2480625,6,1828,365,36.19680803264857,36.34227006244762,none|0|1,5776077
Temkinli,23,2557,2018,3,15170,12526,2644,59931,2732,513,0,0,2166,43170971,26884231,16035851,3076000,692233,1303122,1523125,0,81810,9359561,741263284,522047223,0,219216061,219216061,0,639591972,1658136,0,1453617,28980068,0,3.989041095890411,0.0,2.0,0.989041095890411,1.0,786.7135740520547,816.881693660274,490.06948942191775,488.8515566328767,785.4980074465753,1.784531112328767,23.01898277808219,0.9227397260273973,0.9227397260273973,1.0704931506849316,0.836986301369863,2,0:1.0500|1:0.9300|2:1.0300|3:0.9400|4:0.9500|5:1.1000|6:0.8200|,Selin Doğan:4:54396|İbrahim Güneş:6:20786|Selin Doğan:4:57995|İbrahim Güneş:6:22161|Selin Doğan:4:61229|İbrahim Güneş:6:23396,27190732,50,2811372,7,2193,365,37.14498568957367,37.70674542988231,1|none|2,6548189
Temkinli,23,2922,2019,3,11505,9311,2194,45595,1662,219,0,0,1930,37881167,22945298,14719292,3460200,778713,1456630,1702441,0,104988,7216320,995730558,668367784,0,327362774,327362774,0,1036639941,1867839,0,1770306,32580503,0,4.0,0.0,2.0,1.0,1.0,888.1731009342466,913.068493079452,542.5783313753425,538.8315069123288,881.7099626575343,1.994753517808219,20.467345084931505,1.0,1.0,1.0,1.0,2,0:1.0500|1:0.9300|2:1.0300|3:0.9400|4:0.9500|5:1.1000|6:0.8200|,Selin Doğan:4:61229|İbrahim Güneş:6:23396|Selin Doğan:4:64697|İbrahim Güneş:6:24722|Selin Doğan:4:70112|İbrahim Güneş:6:26791,23356376,63,3166932,8,2558,365,38.856490350468874,38.91074489819403,2,4049388
Temkinli,23,3288,2020,3,12714,10105,2609,48676,2326,280,0,0,2169,46254840,27989163,17975257,4079500,918300,1679207,1962846,0,169559,9165845,1826740814,1286623694,0,540117120,540117120,0,1675337430,2209221,0,2144877,50075511,0,3.9945355191256833,0.0,2.0,0.994535519125683,1.0,1014.717461521858,1049.3771734644808,618.9741680136611,614.736090431694,1009.2492548551913,2.292878341530055,19.194722327868853,0.9718579234972677,0.9718579234972677,1.0,0.9593237704918033,3,0:1.0500|1:0.9300|2:1.0300|3:0.9400|4:0.9500|5:1.1000|6:0.8200|,Selin Doğan:4:70112|İbrahim Güneş:6:26791|Selin Doğan:4:76074|İbrahim Güneş:6:29069|Emine Polat:1:21338|Serkan Uysal:1:21957|Ahmet Güler:1:21493|Levent Şimşek:2:40665|Selin Doğan:4:87258|İbrahim Güneş:6:33342|Emine Polat:1:24474|Serkan Uysal:1:25184|Ahmet Güler:1:24652|Levent Şimşek:2:46644|Meltem Turan:1:28376,28460794,77,3745746,9,2923,366,38.861353752385696,39.00034329897773,2|none|3,5420099
Temkinli,23,3653,2021,3,13733,10279,3454,48858,3287,324,0,0,2776,58564924,35447617,22773318,5264800,1185527,2108417,2464509,14431,270508,11479557,2655339036,1781877011,0,873462025,873462025,0,2820919249,2867598,0,2631075,224193239,0,3.9835616438356163,0.0,2.0,0.9835616438356164,1.0,1270.7042340931507,1321.2758406630137,776.7109589835616,768.3027397479452,1264.302117041096,2.886108224657534,18.610239493150683,0.95,0.95,1.0,0.925,3,0:1.0500|1:0.9300|2:1.0300|3:0.9400|4:0.9500|5:1.1000|6:0.8200|,Selin Doğan:4:87258|İbrahim Güneş:6:33342|Emine Polat:1:24474|Serkan Uysal:1:25184|Ahmet Güler:1:24652|Levent Şimşek:2:46644|Meltem Turan:1:28376|Mehmet Er:1:24830|Tuncay Demir:1:27135|Murat Kaya:2:51787|Gülay Yavuz:1:28731|Selin Doğan:4:100231|İbrahim Güneş:6:38300|Emine Polat:1:28114|Serkan Uysal:1:28928|Ahmet Güler:1:28317|Levent Şimşek:2:53579|Meltem Turan:1:32595|Mehmet Er:1:28520|Tuncay Demir:1:31169|Murat Kaya:2:59486|Gülay Yavuz:1:33003|Tolga Aksoy:1:30966|Arzu Kocabaş:1:27706|Cengiz Uçar:2:59283|Ercan Doğan:1:28520|Fatma Aktaş:2:58265|Burak Kocabaş:3:85563|Meltem Özdemir:1:31780|Merve Avcı:1:29132|Arzu Güler:1:29743|Selin Doğan:4:113569|İbrahim Güneş:6:43396|Emine Polat:1:31855|Serkan Uysal:1:32777|Ahmet Güler:1:32085|Levent Şimşek:2:60709|Meltem Turan:1:36933|Mehmet Er:1:32317|Tuncay Demir:1:35317|Murat Kaya:2:67402|Gülay Yavuz:1:37394|Tolga Aksoy:1:35086|Arzu Kocabaş:1:31393|Cengiz Uçar:2:67172|Ercan Doğan:1:32317|Fatma Aktaş:2:66018|Burak Kocabaş:3:96949|Meltem Özdemir:1:36009|Merve Avcı:1:33009|Arzu Güler:1:33701|Levent Öztürk:1:35779|Emine Tunç:1:33701,35514268,107,4862025,10,3289,365,38.885593021515746,38.87555119875176,3,6617532
